source_system,source_file,column_name,normalized_name,pandas_type,inferred_type,row_count,null_count,null_ratio,unique_count,unique_ratio,likely_identifier,min_value,max_value,sample_values,semantic_description
Cards,cards.csv,card_id,card id,str,string,450,0,0.0,450,1.0,True,,,"[""CARD000001"", ""CARD000002"", ""CARD000003"", ""CARD000004"", ""CARD000005""]","Source system: Cards. Source file: cards.csv. Field: card_id. Normalized field meaning: card id. Semantic datatype: string. The field appears to represent an identifier or reference. Example values: CARD000001, CARD000002, CARD000003."
Cards,cards.csv,card_holder_id,card holder id,str,string,450,0,0.0,450,1.0,True,,,"[""CUST00362"", ""CUST00074"", ""CUST00375"", ""CUST00156"", ""CUST00105""]","Source system: Cards. Source file: cards.csv. Field: card_holder_id. Normalized field meaning: card holder id. Semantic datatype: string. The field appears to represent an identifier or reference. Example values: CUST00362, CUST00074, CUST00375."
Cards,cards.csv,holder_name,holder name,str,string,450,0,0.0,449,0.9978,False,,,"[""Jagrati Butala"", ""Dipta Mallick"", ""Eesha Subramaniam"", ""Ranveer Oza"", ""Farhan Tella""]","Source system: Cards. Source file: cards.csv. Field: holder_name. Normalized field meaning: holder name. Semantic datatype: string. The field appears to represent an attribute or descriptive value. Example values: Jagrati Butala, Dipta Mallick, Eesha Subramaniam."
Cards,cards.csv,linked_account_ref,linked account ref,str,integer,450,0,0.0,394,0.8756,True,,,"[""ACC000001"", ""ACC000534"", ""ACC000107"", ""ACC999999"", ""ACC000460""]","Source system: Cards. Source file: cards.csv. Field: linked_account_ref. Normalized field meaning: linked account ref. Semantic datatype: integer. The field appears to represent an identifier or reference. Example values: ACC000001, ACC000534, ACC000107."
Cards,cards.csv,card_type,card type,str,string,450,0,0.0,2,0.0044,False,,,"[""Debit"", ""Credit""]","Source system: Cards. Source file: cards.csv. Field: card_type. Normalized field meaning: card type. Semantic datatype: string. The field appears to represent an attribute or descriptive value. Example values: Debit, Credit."
Cards,cards.csv,card_network,card network,str,string,450,0,0.0,3,0.0067,False,,,"[""RuPay"", ""Mastercard"", ""Visa""]","Source system: Cards. Source file: cards.csv. Field: card_network. Normalized field meaning: card network. Semantic datatype: string. The field appears to represent an attribute or descriptive value. Example values: RuPay, Mastercard, Visa."
Cards,cards.csv,card_status,card status,str,string,450,0,0.0,2,0.0044,False,,,"[""ACTIVE"", ""BLOCKED""]","Source system: Cards. Source file: cards.csv. Field: card_status. Normalized field meaning: card status. Semantic datatype: string. The field appears to represent an attribute or descriptive value. Example values: ACTIVE, BLOCKED."
Cards,cards.csv,expiry_year,expiry year,int64,integer,450,0,0.0,6,0.0133,False,2027.0,2032.0,"[""2027"", ""2031"", ""2029"", ""2030"", ""2028""]","Source system: Cards. Source file: cards.csv. Field: expiry_year. Normalized field meaning: expiry year. Semantic datatype: integer. The field appears to represent an attribute or descriptive value. Example values: 2027, 2031, 2029."
Core Banking,accounts.csv,account_id,account id,str,integer,700,0,0.0,700,1.0,True,,,"[""ACC000001"", ""ACC000002"", ""ACC000003"", ""ACC000004"", ""ACC000005""]","Source system: Core Banking. Source file: accounts.csv. Field: account_id. Normalized field meaning: account id. Semantic datatype: integer. The field appears to represent an identifier or reference. Example values: ACC000001, ACC000002, ACC000003."
Core Banking,accounts.csv,customer_id,customer id,str,string,700,0,0.0,379,0.5414,True,,,"[""CUST99999"", ""CUST00307"", ""CUST00116"", ""CUST00213"", ""CUST00470""]","Source system: Core Banking. Source file: accounts.csv. Field: customer_id. Normalized field meaning: customer id. Semantic datatype: string. The field appears to represent an identifier or reference. Example values: CUST99999, CUST00307, CUST00116."
Core Banking,accounts.csv,account_type,account type,str,integer,700,0,0.0,3,0.0043,False,,,"[""Current"", ""Salary"", ""Savings""]","Source system: Core Banking. Source file: accounts.csv. Field: account_type. Normalized field meaning: account type. Semantic datatype: integer. The field appears to represent an attribute or descriptive value. Example values: Current, Salary, Savings."
Core Banking,accounts.csv,account_status,account status,str,integer,700,0,0.0,3,0.0043,False,,,"[""BLOCKED"", ""DORMANT"", ""ACTIVE""]","Source system: Core Banking. Source file: accounts.csv. Field: account_status. Normalized field meaning: account status. Semantic datatype: integer. The field appears to represent an attribute or descriptive value. Example values: BLOCKED, DORMANT, ACTIVE."
Core Banking,accounts.csv,currency_code,currency code,str,string,700,0,0.0,1,0.0014,True,,,"[""INR""]",Source system: Core Banking. Source file: accounts.csv. Field: currency_code. Normalized field meaning: currency code. Semantic datatype: string. The field appears to represent an identifier or reference. Example values: INR.
Core Banking,accounts.csv,balance,balance,float64,numeric,700,0,0.0,700,1.0,False,2971.85,997266.29,"[""299504.67"", ""457107.39"", ""853408.79"", ""572136.73"", ""295583.14""]","Source system: Core Banking. Source file: accounts.csv. Field: balance. Normalized field meaning: balance. Semantic datatype: numeric. The field appears to represent an attribute or descriptive value. Example values: 299504.67, 457107.39, 853408.79."
Core Banking,accounts.csv,branch_code,branch code,str,string,700,0,0.0,30,0.0429,True,,,"[""BR014"", ""BR010"", ""BR004"", ""BR019"", ""BR027""]","Source system: Core Banking. Source file: accounts.csv. Field: branch_code. Normalized field meaning: branch code. Semantic datatype: string. The field appears to represent an identifier or reference. Example values: BR014, BR010, BR004."
Core Banking,accounts.csv,opened_date,opened date,str,date,700,0,0.0,639,0.9129,False,2016-09-21 00:00:00,2026-09-17 00:00:00,"[""2021-03-12"", ""2023-03-11"", ""2026-08-27"", ""2020-09-17"", ""2022-08-26""]","Source system: Core Banking. Source file: accounts.csv. Field: opened_date. Normalized field meaning: opened date. Semantic datatype: date. The field appears to represent an attribute or descriptive value. Example values: 2021-03-12, 2023-03-11, 2026-08-27."
Core Banking,customers.csv,customer_id,customer id,str,string,500,0,0.0,500,1.0,True,,,"[""CUST00001"", ""CUST00002"", ""CUST00003"", ""CUST00004"", ""CUST00005""]","Source system: Core Banking. Source file: customers.csv. Field: customer_id. Normalized field meaning: customer id. Semantic datatype: string. The field appears to represent an identifier or reference. Example values: CUST00001, CUST00002, CUST00003."
Core Banking,customers.csv,customer_name,customer name,str,string,500,0,0.0,499,0.998,False,,,"[""Aryan Maharaj"", ""Abeer Dutta"", ""Janaki Handa"", ""Nihal Shere"", ""Priya Rastogi""]","Source system: Core Banking. Source file: customers.csv. Field: customer_name. Normalized field meaning: customer name. Semantic datatype: string. The field appears to represent an attribute or descriptive value. Example values: Aryan Maharaj, Abeer Dutta, Janaki Handa."
Core Banking,customers.csv,date_of_birth,date of birth,str,date,500,0,0.0,494,0.988,False,1945-10-07 00:00:00,2008-08-11 00:00:00,"[""1962-05-21"", ""1993-03-25"", ""1993-09-01"", ""1971-07-18"", ""1970-05-10""]","Source system: Core Banking. Source file: customers.csv. Field: date_of_birth. Normalized field meaning: date of birth. Semantic datatype: date. The field appears to represent an attribute or descriptive value. Example values: 1962-05-21, 1993-03-25, 1993-09-01."
Core Banking,customers.csv,email,email,str,string,500,0,0.0,500,1.0,False,,,"[""liamchaudry@example.net"", ""roak@example.org"", ""bathvedant@example.com"", ""theodore50@example.org"", ""lakshitupadhyay@example.com""]","Source system: Core Banking. Source file: customers.csv. Field: email. Normalized field meaning: email. Semantic datatype: string. The field appears to represent an attribute or descriptive value. Example values: liamchaudry@example.net, roak@example.org, bathvedant@example.com."
Core Banking,customers.csv,mobile_number,mobile number,int64,integer,500,0,0.0,500,1.0,False,21765918.0,9993933051.0,"[""133890838"", ""6155940781"", ""4752553419"", ""1395376724"", ""2691669784""]","Source system: Core Banking. Source file: customers.csv. Field: mobile_number. Normalized field meaning: mobile number. Semantic datatype: integer. The field appears to represent an attribute or descriptive value. Example values: 133890838, 6155940781, 4752553419."
Core Banking,customers.csv,customer_segment,customer segment,str,string,500,0,0.0,5,0.01,False,,,"[""Retail"", ""Salary"", ""Premium"", ""Senior Citizen"", ""Student""]","Source system: Core Banking. Source file: customers.csv. Field: customer_segment. Normalized field meaning: customer segment. Semantic datatype: string. The field appears to represent an attribute or descriptive value. Example values: Retail, Salary, Premium."
Core Banking,customers.csv,city,city,str,string,500,0,0.0,258,0.516,False,,,"[""Muzaffarnagar"", ""Vijayawada"", ""Deoghar"", ""Shahjahanpur"", ""Raipur""]","Source system: Core Banking. Source file: customers.csv. Field: city. Normalized field meaning: city. Semantic datatype: string. The field appears to represent an attribute or descriptive value. Example values: Muzaffarnagar, Vijayawada, Deoghar."
Core Banking,customers.csv,state,state,str,string,500,0,0.0,28,0.056,False,,,"[""Manipur"", ""Nagaland"", ""Telangana"", ""Sikkim"", ""Karnataka""]","Source system: Core Banking. Source file: customers.csv. Field: state. Normalized field meaning: state. Semantic datatype: string. The field appears to represent an attribute or descriptive value. Example values: Manipur, Nagaland, Telangana."
Core Banking,customers.csv,kyc_status,kyc status,str,string,500,0,0.0,2,0.004,False,,,"[""VERIFIED"", ""PENDING""]","Source system: Core Banking. Source file: customers.csv. Field: kyc_status. Normalized field meaning: kyc status. Semantic datatype: string. The field appears to represent an attribute or descriptive value. Example values: VERIFIED, PENDING."
Crm,crm_customers.csv,client_id,client id,str,string,550,0,0.0,550,1.0,True,,,"[""CUST00362"", ""CUST00074"", ""CUST00375"", ""CUST00156"", ""CUST00105""]","Source system: Crm. Source file: crm_customers.csv. Field: client_id. Normalized field meaning: client id. Semantic datatype: string. The field appears to represent an identifier or reference. Example values: CUST00362, CUST00074, CUST00375."
Crm,crm_customers.csv,client_name,client name,str,string,550,0,0.0,549,0.9982,False,,,"[""Jagrati Butala"", ""Dipta Mallick"", ""Eesha Subramaniam"", ""Ranveer Oza"", ""Farhan Tella""]","Source system: Crm. Source file: crm_customers.csv. Field: client_name. Normalized field meaning: client name. Semantic datatype: string. The field appears to represent an attribute or descriptive value. Example values: Jagrati Butala, Dipta Mallick, Eesha Subramaniam."
Crm,crm_customers.csv,client_type,client type,str,string,550,0,0.0,6,0.0109,False,,,"[""Retail"", ""Senior Citizen"", ""Student"", ""Premium"", ""Salary""]","Source system: Crm. Source file: crm_customers.csv. Field: client_type. Normalized field meaning: client type. Semantic datatype: string. The field appears to represent an attribute or descriptive value. Example values: Retail, Senior Citizen, Student."
Crm,crm_customers.csv,contact_email,contact email,str,string,550,0,0.0,550,1.0,False,,,"[""malhotravedant@example.org"", ""balquincy@example.com"", ""andrew99@example.com"", ""vamakshiparmer@example.net"", ""chatresh16@example.org""]","Source system: Crm. Source file: crm_customers.csv. Field: contact_email. Normalized field meaning: contact email. Semantic datatype: string. The field appears to represent an attribute or descriptive value. Example values: malhotravedant@example.org, balquincy@example.com, andrew99@example.com."
Crm,crm_customers.csv,relationship_status,relationship status,str,string,550,0,0.0,3,0.0055,False,,,"[""ACTIVE"", ""INACTIVE"", ""PROSPECT""]","Source system: Crm. Source file: crm_customers.csv. Field: relationship_status. Normalized field meaning: relationship status. Semantic datatype: string. The field appears to represent an attribute or descriptive value. Example values: ACTIVE, INACTIVE, PROSPECT."
Crm,crm_customers.csv,preferred_channel,preferred channel,str,string,550,0,0.0,4,0.0073,False,,,"[""BRANCH"", ""MOBILE_APP"", ""PHONE"", ""EMAIL""]","Source system: Crm. Source file: crm_customers.csv. Field: preferred_channel. Normalized field meaning: preferred channel. Semantic datatype: string. The field appears to represent an attribute or descriptive value. Example values: BRANCH, MOBILE_APP, PHONE."
Fraud,risk_events.csv,risk_event_id,risk event id,str,string,250,0,0.0,250,1.0,True,,,"[""RISK00001"", ""RISK00002"", ""RISK00003"", ""RISK00004"", ""RISK00005""]","Source system: Fraud. Source file: risk_events.csv. Field: risk_event_id. Normalized field meaning: risk event id. Semantic datatype: string. The field appears to represent an identifier or reference. Example values: RISK00001, RISK00002, RISK00003."
Fraud,risk_events.csv,subject_id,subject id,str,string,250,0,0.0,167,0.668,True,,,"[""CUST00226"", ""CUST00151"", ""CUST00495"", ""CUST00296"", ""CUST00068""]","Source system: Fraud. Source file: risk_events.csv. Field: subject_id. Normalized field meaning: subject id. Semantic datatype: string. The field appears to represent an identifier or reference. Example values: CUST00226, CUST00151, CUST00495."
Fraud,risk_events.csv,subject_type,subject type,str,string,250,0,0.0,1,0.004,False,,,"[""PERSON""]",Source system: Fraud. Source file: risk_events.csv. Field: subject_type. Normalized field meaning: subject type. Semantic datatype: string. The field appears to represent an attribute or descriptive value. Example values: PERSON.
Fraud,risk_events.csv,transaction_ref,transaction ref,str,string,250,0,0.0,250,1.0,True,,,"[""TXN0001861"", ""TXN0000354"", ""TXN0001334"", ""TXN0000906"", ""TXN9999999""]","Source system: Fraud. Source file: risk_events.csv. Field: transaction_ref. Normalized field meaning: transaction ref. Semantic datatype: string. The field appears to represent an identifier or reference. Example values: TXN0001861, TXN0000354, TXN0001334."
Fraud,risk_events.csv,risk_type,risk type,str,string,250,0,0.0,5,0.02,False,,,"[""VELOCITY_ALERT"", ""HIGH_VALUE_TRANSACTION"", ""SUSPICIOUS_MERCHANT"", ""DEVICE_MISMATCH"", ""UNUSUAL_LOCATION""]","Source system: Fraud. Source file: risk_events.csv. Field: risk_type. Normalized field meaning: risk type. Semantic datatype: string. The field appears to represent an attribute or descriptive value. Example values: VELOCITY_ALERT, HIGH_VALUE_TRANSACTION, SUSPICIOUS_MERCHANT."
Fraud,risk_events.csv,risk_score,risk score,float64,numeric,250,0,0.0,218,0.872,False,0.2,0.982,"[""0.525"", ""0.777"", ""0.421"", ""0.548"", ""0.509""]","Source system: Fraud. Source file: risk_events.csv. Field: risk_score. Normalized field meaning: risk score. Semantic datatype: numeric. The field appears to represent an attribute or descriptive value. Example values: 0.525, 0.777, 0.421."
Fraud,risk_events.csv,risk_level,risk level,str,string,250,0,0.0,4,0.016,False,,,"[""MEDIUM"", ""HIGH"", ""LOW"", ""CRITICAL""]","Source system: Fraud. Source file: risk_events.csv. Field: risk_level. Normalized field meaning: risk level. Semantic datatype: string. The field appears to represent an attribute or descriptive value. Example values: MEDIUM, HIGH, LOW."
Fraud,risk_events.csv,investigation_status,investigation status,str,string,250,0,0.0,3,0.012,False,,,"[""OPEN"", ""CLOSED"", ""UNDER_REVIEW""]","Source system: Fraud. Source file: risk_events.csv. Field: investigation_status. Normalized field meaning: investigation status. Semantic datatype: string. The field appears to represent an attribute or descriptive value. Example values: OPEN, CLOSED, UNDER_REVIEW."
Payments,transactions.csv,transaction_id,transaction id,str,string,2000,0,0.0,2000,1.0,True,,,"[""TXN0000001"", ""TXN0000002"", ""TXN0000003"", ""TXN0000004"", ""TXN0000005""]","Source system: Payments. Source file: transactions.csv. Field: transaction_id. Normalized field meaning: transaction id. Semantic datatype: string. The field appears to represent an identifier or reference. Example values: TXN0000001, TXN0000002, TXN0000003."
Payments,transactions.csv,account_ref,account ref,str,integer,2000,0,0.0,658,0.329,True,,,"[""ACC000380"", ""ACC000104"", ""ACC000108"", ""ACC000042"", ""ACC000069""]","Source system: Payments. Source file: transactions.csv. Field: account_ref. Normalized field meaning: account ref. Semantic datatype: integer. The field appears to represent an identifier or reference. Example values: ACC000380, ACC000104, ACC000108."
Payments,transactions.csv,customer_ref,customer ref,str,string,2000,0,0.0,368,0.184,True,,,"[""CUST00407"", ""CUST00022"", ""CUST00358"", ""CUST00117"", ""CUST00400""]","Source system: Payments. Source file: transactions.csv. Field: customer_ref. Normalized field meaning: customer ref. Semantic datatype: string. The field appears to represent an identifier or reference. Example values: CUST00407, CUST00022, CUST00358."
Payments,transactions.csv,transaction_type,transaction type,str,string,2000,0,0.0,5,0.0025,False,,,"[""IMPS"", ""CARD_PURCHASE"", ""UPI"", ""ATM_WITHDRAWAL"", ""NEFT""]","Source system: Payments. Source file: transactions.csv. Field: transaction_type. Normalized field meaning: transaction type. Semantic datatype: string. The field appears to represent an attribute or descriptive value. Example values: IMPS, CARD_PURCHASE, UPI."
Payments,transactions.csv,transaction_amount,transaction amount,float64,numeric,2000,0,0.0,2000,1.0,False,-5000.0,249861.29,"[""226155.34"", ""109020.06"", ""-5000.0"", ""233761.2"", ""91345.19""]","Source system: Payments. Source file: transactions.csv. Field: transaction_amount. Normalized field meaning: transaction amount. Semantic datatype: numeric. The field appears to represent an attribute or descriptive value. Example values: 226155.34, 109020.06, -5000.0."
Payments,transactions.csv,currency,currency,str,string,2000,0,0.0,4,0.002,False,,,"[""INR"", ""XYZ"", ""EUR"", ""USD""]","Source system: Payments. Source file: transactions.csv. Field: currency. Normalized field meaning: currency. Semantic datatype: string. The field appears to represent an attribute or descriptive value. Example values: INR, XYZ, EUR."
Payments,transactions.csv,transaction_channel,transaction channel,str,string,2000,0,0.0,5,0.0025,False,,,"[""BRANCH"", ""MOBILE"", ""POS"", ""ATM"", ""WEB""]","Source system: Payments. Source file: transactions.csv. Field: transaction_channel. Normalized field meaning: transaction channel. Semantic datatype: string. The field appears to represent an attribute or descriptive value. Example values: BRANCH, MOBILE, POS."
Payments,transactions.csv,merchant_ref,merchant ref,str,string,2000,0,0.0,120,0.06,True,,,"[""MERCH0091"", ""MERCH0070"", ""MERCH0016"", ""MERCH0052"", ""MERCH0011""]","Source system: Payments. Source file: transactions.csv. Field: merchant_ref. Normalized field meaning: merchant ref. Semantic datatype: string. The field appears to represent an identifier or reference. Example values: MERCH0091, MERCH0070, MERCH0016."
Payments,transactions.csv,merchant_category,merchant category,str,string,2000,0,0.0,6,0.003,False,,,"[""RESTAURANT"", ""ELECTRONICS"", ""PHARMACY"", ""GROCERY"", ""FUEL""]","Source system: Payments. Source file: transactions.csv. Field: merchant_category. Normalized field meaning: merchant category. Semantic datatype: string. The field appears to represent an attribute or descriptive value. Example values: RESTAURANT, ELECTRONICS, PHARMACY."
Payments,transactions.csv,transaction_date,transaction date,str,date,2000,0,0.0,2000,1.0,False,2025-09-21 20:44:35,2026-09-21 21:25:29,"[""2026-06-27 01:19:15"", ""2025-12-30 02:52:53"", ""2026-01-14 05:09:12"", ""2026-08-11 01:23:30"", ""2026-02-13 18:29:17""]","Source system: Payments. Source file: transactions.csv. Field: transaction_date. Normalized field meaning: transaction date. Semantic datatype: date. The field appears to represent an attribute or descriptive value. Example values: 2026-06-27 01:19:15, 2025-12-30 02:52:53, 2026-01-14 05:09:12."
