card_id,card_holder_id,holder_name,linked_account_ref,card_type,card_network,card_status,expiry_year
CARD000001,CUST00362,Jagrati Butala,ACC000001,Debit,RuPay,ACTIVE,2027
CARD000002,CUST00074,Dipta Mallick,ACC000534,Credit,RuPay,ACTIVE,2031
CARD000003,CUST00375,Eesha Subramaniam,ACC000107,Debit,Mastercard,BLOCKED,2029
CARD000004,CUST00156,Ranveer Oza,ACC999999,Debit,RuPay,ACTIVE,2030
CARD000005,CUST00105,Farhan Tella,ACC000460,Debit,RuPay,BLOCKED,2029
CARD000006,CUST00395,Lavanya Maharaj,ACC000354,Credit,Mastercard,ACTIVE,2031
CARD000007,CUST00378,Pooja Sibal,ACC000504,Debit,Mastercard,ACTIVE,2028
CARD000008,CUST00125,Frado Kothari,ACC000044,Debit,RuPay,ACTIVE,2028
CARD000009,CUST00069,Rachit Chada,ACC000333,Debit,Visa,ACTIVE,2029
CARD000010,CUST00451,Arunima Borde,ACC000061,Debit,RuPay,ACTIVE,2030
CARD000011,CUST00010,Ikbal Kothari,ACC000147,Credit,RuPay,ACTIVE,2030
CARD000012,CUST00195,Robert Bandi,ACC000030,Credit,Mastercard,ACTIVE,2031
CARD000013,CUST00407,Abhimanyu Dugal,ACC000380,Debit,RuPay,BLOCKED,2027
CARD000014,CUST00085,David Devi,ACC000282,Debit,Visa,ACTIVE,2031
CARD000015,CUST00372,Harshil Ramakrishnan,ACC000313,Debit,Visa,ACTIVE,2031
CARD000016,CUST00389,Leela Mand,ACC000076,Debit,Visa,ACTIVE,2029
CARD000017,CUST00496,Yashoda Mammen,ACC000367,Debit,RuPay,BLOCKED,2031
CARD000018,CUST00031,Harish Hari,ACC000135,Debit,RuPay,ACTIVE,2027
CARD000019,CUST00317,Omaja Bose,ACC000289,Debit,Mastercard,BLOCKED,2030
CARD000020,CUST00409,Ansh Date,ACC000175,Debit,Mastercard,ACTIVE,2031
CARD000021,CUST00491,Siddharth Munshi,ACC000364,Debit,RuPay,ACTIVE,2028
CARD000022,CUST00492,Edhitha Luthra,ACC000695,Credit,Mastercard,ACTIVE,2028
CARD000023,CUST00281,Qarin Jha,ACC000154,Credit,Mastercard,ACTIVE,2027
CARD000024,CUST00357,Caleb Balan,ACC000218,Debit,Visa,BLOCKED,2028
CARD000025,CUST00077,Jeet Vasa,ACC000621,Debit,Visa,BLOCKED,2031
CARD000026,CUST00462,Sneha Swaminathan,ACC000060,Debit,RuPay,ACTIVE,2027
CARD000027,CUST00498,Robert Ahuja,ACC000023,Credit,RuPay,ACTIVE,2031
CARD000028,CUST00212,Jason Kulkarni,ACC000522,Debit,RuPay,BLOCKED,2031
CARD000029,CUST00102,Advik Badal,ACC000019,Credit,Mastercard,ACTIVE,2032
CARD000030,CUST00335,Logan Purohit,ACC000371,Credit,Visa,BLOCKED,2030
CARD000031,CUST00476,Krishna Deol,ACC000359,Debit,Mastercard,ACTIVE,2029
CARD000032,CUST00337,Kala Dani,ACC000038,Credit,Visa,ACTIVE,2029
CARD000033,CUST00441,Sachi Thakur,ACC000585,Credit,Mastercard,ACTIVE,2027
CARD000034,CUST00174,Omaja Munshi,ACC000054,Debit,RuPay,ACTIVE,2031
CARD000035,CUST00003,Janaki Handa,ACC000074,Debit,Mastercard,ACTIVE,2032
CARD000036,CUST00334,Pahal Tiwari,ACC000133,Credit,Mastercard,ACTIVE,2027
CARD000037,CUST00410,Adya Kota,ACC000596,Debit,Mastercard,ACTIVE,2029
CARD000038,CUST00071,Bhavika Parikh,ACC000017,Credit,RuPay,ACTIVE,2031
CARD000039,CUST00210,Amruta Dass,ACC000045,Credit,RuPay,BLOCKED,2028
CARD000040,CUST00064,Rehaan Kara,ACC000100,Credit,RuPay,BLOCKED,2028
CARD000041,CUST00385,Ayushman Keer,ACC000255,Credit,RuPay,BLOCKED,2029
CARD000042,CUST00094,Keya Buch,ACC000040,Credit,RuPay,ACTIVE,2032
CARD000043,CUST00486,Dakshesh Chopra,ACC000408,Debit,RuPay,ACTIVE,2032
CARD000044,CUST00186,Chakradhar Baral,ACC000169,Debit,Mastercard,ACTIVE,2027
CARD000045,CUST00034,Bishakha Bali,ACC000220,Credit,Mastercard,ACTIVE,2028
CARD000046,CUST00078,Onveer Nazareth,ACC000319,Credit,RuPay,ACTIVE,2027
CARD000047,CUST00001,Aryan Maharaj,ACC000098,Debit,Mastercard,BLOCKED,2027
CARD000048,CUST00012,Yadavi Wali,ACC000050,Debit,Mastercard,ACTIVE,2029
CARD000049,CUST00416,Yochana Shah,ACC000123,Debit,RuPay,ACTIVE,2032
CARD000050,CUST00023,Matthew Kashyap,ACC000186,Credit,Mastercard,ACTIVE,2032
CARD000051,CUST00073,Azaan Dhar,ACC000257,Debit,Visa,BLOCKED,2030
CARD000052,CUST00183,Yatin Kant,ACC000219,Debit,Visa,ACTIVE,2028
CARD000053,CUST00132,Damyanti Chawla,ACC000035,Debit,RuPay,ACTIVE,2032
CARD000054,CUST00411,Gavin Behl,ACC000037,Credit,Visa,ACTIVE,2028
CARD000055,CUST00194,Gavin Dhillon,ACC000398,Debit,Mastercard,BLOCKED,2029
CARD000056,CUST00056,Charles Dugal,ACC000307,Credit,Mastercard,ACTIVE,2031
CARD000057,CUST00149,Eshana Majumdar,ACC000322,Debit,RuPay,ACTIVE,2027
CARD000058,CUST00019,Dipta Dash,ACC000204,Credit,RuPay,ACTIVE,2029
CARD000059,CUST00205,Odika Ganesh,ACC000615,Credit,Visa,ACTIVE,2030
CARD000060,CUST00079,Nakul Sarraf,ACC000414,Debit,Mastercard,ACTIVE,2030
CARD000061,CUST00495,Hritik Bath,ACC000048,Debit,RuPay,ACTIVE,2031
CARD000062,CUST00263,Ekaraj Zachariah,ACC000616,Credit,Mastercard,ACTIVE,2031
CARD000063,CUST00324,Maanav Khurana,ACC000530,Credit,RuPay,ACTIVE,2032
CARD000064,CUST00484,Dalaja Kade,ACC000533,Credit,Mastercard,BLOCKED,2028
CARD000065,CUST00080,Gunbir Bedi,ACC000348,Credit,RuPay,BLOCKED,2031
CARD000066,CUST00040,Tamanna Nagy,ACC000029,Credit,Visa,ACTIVE,2027
CARD000067,CUST00452,Bhavani Badami,ACC000406,Credit,RuPay,ACTIVE,2032
CARD000068,CUST00047,Urishilla Bakshi,ACC000236,Credit,Mastercard,ACTIVE,2031
CARD000069,CUST00239,Aashi Vora,ACC000198,Debit,RuPay,ACTIVE,2028
CARD000070,CUST00392,Michael Kade,ACC000699,Credit,Visa,BLOCKED,2032
CARD000071,CUST00353,Hritik Chauhan,ACC000351,Debit,RuPay,ACTIVE,2030
CARD000072,CUST00342,Chanchal Ramakrishnan,ACC000538,Credit,Mastercard,ACTIVE,2031
CARD000073,CUST00278,Gagan Buch,ACC000276,Debit,RuPay,ACTIVE,2030
CARD000074,CUST00291,Caleb Bhatti,ACC000396,Debit,Visa,ACTIVE,2029
CARD000075,CUST00318,Ekta Dayal,ACC000482,Debit,Visa,ACTIVE,2028
CARD000076,CUST00305,Anmol Bhakta,ACC000260,Credit,Visa,ACTIVE,2027
CARD000077,CUST00269,Warinder Handa,ACC000512,Debit,RuPay,BLOCKED,2031
CARD000078,CUST00070,Hamsini Gill,ACC000173,Debit,RuPay,ACTIVE,2030
CARD000079,CUST00456,Harini Joshi,ACC000422,Credit,RuPay,ACTIVE,2030
CARD000080,CUST00466,Rachana Buch,ACC000589,Credit,Mastercard,ACTIVE,2031
CARD000081,CUST00155,Vasatika Bhatt,ACC000431,Credit,Mastercard,ACTIVE,2031
CARD000082,CUST00083,Manthan Varma,ACC000487,Debit,Visa,BLOCKED,2030
CARD000083,CUST00478,Jacob Tara,ACC000563,Debit,RuPay,ACTIVE,2030
CARD000084,CUST00173,Daksh Iyengar,ACC000179,Credit,Visa,BLOCKED,2029
CARD000085,CUST00322,Maya Bath,ACC000197,Debit,Visa,ACTIVE,2030
CARD000086,CUST00091,Jacob Merchant,ACC000266,Debit,Mastercard,ACTIVE,2031
CARD000087,CUST00181,Siddharth Sachar,ACC000323,Credit,Visa,ACTIVE,2028
CARD000088,CUST00415,Kai Mann,ACC000276,Credit,RuPay,ACTIVE,2029
CARD000089,CUST00313,Simon Rajagopal,ACC000492,Debit,Mastercard,BLOCKED,2028
CARD000090,CUST00279,Bishakha Gulati,ACC000430,Credit,Mastercard,BLOCKED,2029
CARD000091,CUST00382,Aachal Kota,ACC000462,Debit,RuPay,ACTIVE,2031
CARD000092,CUST00473,Tara Malhotra,ACC000235,Debit,RuPay,ACTIVE,2028
CARD000093,CUST00363,Chandani Manda,ACC000222,Credit,Mastercard,ACTIVE,2028
CARD000094,CUST00325,Charan Nath,ACC000276,Debit,Mastercard,ACTIVE,2028
CARD000095,CUST00432,Balveer Ram,ACC000385,Credit,Mastercard,ACTIVE,2032
CARD000096,CUST00348,Onkar Hari,ACC000335,Credit,Mastercard,ACTIVE,2029
CARD000097,CUST00087,Tanish Jaggi,ACC000562,Debit,Mastercard,ACTIVE,2032
CARD000098,CUST00076,Gabriel Bhatti,ACC000243,Debit,Visa,ACTIVE,2029
CARD000099,CUST00439,Osha Ganesan,ACC000488,Debit,Mastercard,ACTIVE,2029
CARD000100,CUST00016,Janya Baral,ACC000148,Credit,Mastercard,ACTIVE,2029
CARD000101,CUST00250,Ladli Narang,ACC000021,Credit,Visa,ACTIVE,2032
CARD000102,CUST00434,Kashvi Chacko,ACC000325,Debit,RuPay,ACTIVE,2029
CARD000103,CUST00020,Ekanta Shroff,ACC000163,Credit,Mastercard,BLOCKED,2032
CARD000104,CUST00323,Agastya Garg,ACC000600,Credit,Visa,BLOCKED,2031
CARD000105,CUST00333,Rudra Mitra,ACC000118,Credit,Mastercard,ACTIVE,2028
CARD000106,CUST00057,Chakradev Kannan,ACC000184,Credit,Mastercard,BLOCKED,2027
CARD000107,CUST00302,Prisha Kadakia,ACC000062,Debit,Visa,ACTIVE,2028
CARD000108,CUST00230,Saanvi Mahal,ACC000322,Credit,RuPay,ACTIVE,2032
CARD000109,CUST00332,Dalbir Venkatesh,ACC000274,Credit,Mastercard,BLOCKED,2029
CARD000110,CUST00133,Radhika De,ACC000602,Credit,Mastercard,ACTIVE,2028
CARD000111,CUST00138,Atharv Nagar,ACC000024,Debit,RuPay,ACTIVE,2032
CARD000112,CUST00424,Ira Nagar,ACC000631,Credit,RuPay,ACTIVE,2028
CARD000113,CUST00336,Zilmil Rana,ACC000171,Credit,Visa,ACTIVE,2027
CARD000114,CUST00026,Azaan Kota,ACC000551,Credit,RuPay,ACTIVE,2027
CARD000115,CUST00465,Alexander Setty,ACC000265,Credit,RuPay,ACTIVE,2027
CARD000116,CUST00282,Chakrika Som,ACC000269,Debit,Visa,BLOCKED,2029
CARD000117,CUST00248,Barkha Pall,ACC000235,Debit,RuPay,ACTIVE,2030
CARD000118,CUST00238,Prisha Bhattacharyya,ACC000611,Debit,Visa,ACTIVE,2027
CARD000119,CUST00118,Ishaan Loyal,ACC000507,Debit,RuPay,ACTIVE,2029
CARD000120,CUST00043,Lavanya Khosla,ACC000592,Credit,Mastercard,ACTIVE,2031
CARD000121,CUST00221,Faras Nair,ACC000516,Credit,Visa,ACTIVE,2031
CARD000122,CUST00177,Balveer Nagi,ACC000012,Credit,RuPay,BLOCKED,2031
CARD000123,CUST00321,Yuvraj Virk,ACC000145,Credit,Mastercard,BLOCKED,2031
CARD000124,CUST00154,Udarsh Krishnan,ACC000291,Debit,Visa,BLOCKED,2029
CARD000125,CUST00232,Yatin Sane,ACC000375,Credit,Mastercard,ACTIVE,2029
CARD000126,CUST00228,David Kurian,ACC000067,Debit,Visa,ACTIVE,2029
CARD000127,CUST00418,Samuel Sathe,ACC000634,Credit,Mastercard,ACTIVE,2032
CARD000128,CUST00204,Bhavini Sheth,ACC000504,Credit,Mastercard,ACTIVE,2030
CARD000129,CUST00127,Farhan Vaidya,ACC000155,Credit,RuPay,ACTIVE,2027
CARD000130,CUST00330,Gaurika Devi,ACC000361,Credit,Visa,BLOCKED,2031
CARD000131,CUST00032,Qarin Behl,ACC000171,Credit,Mastercard,ACTIVE,2028
CARD000132,CUST00114,Quincy Sankaran,ACC000632,Credit,Mastercard,ACTIVE,2029
CARD000133,CUST00471,Nidhi Sule,ACC000068,Debit,Mastercard,ACTIVE,2031
CARD000134,CUST00272,Gautami Datta,ACC000212,Credit,Mastercard,ACTIVE,2030
CARD000135,CUST00141,Laban Dugar,ACC000324,Debit,Visa,ACTIVE,2028
CARD000136,CUST00058,Rajata Bahl,ACC000139,Credit,Visa,BLOCKED,2031
CARD000137,CUST00193,Odika Subramanian,ACC000300,Credit,Mastercard,BLOCKED,2028
CARD000138,CUST00025,Krishna Shenoy,ACC000329,Debit,Visa,ACTIVE,2031
CARD000139,CUST00018,Balvan Chopra,ACC000238,Debit,Visa,ACTIVE,2029
CARD000140,CUST00266,Damyanti Chatterjee,ACC000131,Credit,Visa,BLOCKED,2032
CARD000141,CUST00067,Kavya Kapur,ACC000020,Debit,Visa,ACTIVE,2028
CARD000142,CUST00209,Zansi Magar,ACC000043,Debit,Mastercard,ACTIVE,2029
CARD000143,CUST00480,Faris Srinivas,ACC000035,Credit,Mastercard,BLOCKED,2029
CARD000144,CUST00095,Ranbir Chowdhury,ACC000033,Credit,RuPay,ACTIVE,2029
CARD000145,CUST00254,Jyoti Chowdhury,ACC000099,Debit,Visa,ACTIVE,2029
CARD000146,CUST00267,Oscar Nayak,ACC000402,Debit,RuPay,BLOCKED,2028
CARD000147,CUST00024,Oni Yohannan,ACC000330,Debit,Mastercard,BLOCKED,2027
CARD000148,CUST00223,Chandran Rastogi,ACC000125,Debit,Mastercard,BLOCKED,2028
CARD000149,CUST00262,Riya Lad,ACC000035,Debit,Mastercard,ACTIVE,2031
CARD000150,CUST00427,Upma Dey,ACC000178,Debit,Mastercard,BLOCKED,2032
CARD000151,CUST00006,Harini Choudhury,ACC000201,Credit,Mastercard,ACTIVE,2032
CARD000152,CUST00117,Yashasvi Talwar,ACC000042,Debit,RuPay,ACTIVE,2029
CARD000153,CUST00046,Chakrika Nigam,ACC000315,Credit,RuPay,ACTIVE,2028
CARD000154,CUST00017,Upma Kapadia,ACC000424,Credit,Visa,ACTIVE,2027
CARD000155,CUST00463,Azaan Konda,ACC000127,Debit,RuPay,BLOCKED,2029
CARD000156,CUST00358,Tanmayi Khatri,ACC000108,Debit,Visa,ACTIVE,2031
CARD000157,CUST00004,Nihal Shere,ACC000123,Credit,Visa,ACTIVE,2027
CARD000158,CUST00219,Kamya Sachar,ACC000510,Credit,RuPay,ACTIVE,2029
CARD000159,CUST00406,Dakshesh Parekh,ACC000088,Debit,Visa,ACTIVE,2030
CARD000160,CUST00061,Bhavini Bose,ACC000094,Credit,RuPay,ACTIVE,2027
CARD000161,CUST00111,Nandini Warrior,ACC000365,Debit,RuPay,ACTIVE,2028
CARD000162,CUST00319,Jai Misra,ACC000196,Credit,Visa,ACTIVE,2031
CARD000163,CUST00429,Panini Hayer,ACC000073,Credit,Mastercard,ACTIVE,2027
CARD000164,CUST00030,Urvashi Wali,ACC000070,Credit,Mastercard,ACTIVE,2029
CARD000165,CUST00438,Advaith Issac,ACC000187,Debit,Mastercard,BLOCKED,2031
CARD000166,CUST00472,Jhalak Maharaj,ACC000092,Credit,RuPay,BLOCKED,2028
CARD000167,CUST00027,Mekhala Issac,ACC000041,Debit,RuPay,ACTIVE,2029
CARD000168,CUST00008,Devika Rastogi,ACC000146,Credit,Mastercard,ACTIVE,2027
CARD000169,CUST00454,Indrajit Bava,ACC000093,Debit,Mastercard,ACTIVE,2029
CARD000170,CUST00109,Meghana Natarajan,ACC000555,Credit,Mastercard,ACTIVE,2032
CARD000171,CUST00038,Jairaj Balakrishnan,ACC000691,Credit,RuPay,ACTIVE,2027
CARD000172,CUST00158,Nimrat Shankar,ACC000117,Credit,RuPay,ACTIVE,2029
CARD000173,CUST00490,Ojasvi Bora,ACC000341,Debit,RuPay,BLOCKED,2028
CARD000174,CUST00119,Noah Dewan,ACC000241,Credit,RuPay,ACTIVE,2031
CARD000175,CUST00115,Dhriti Rama,ACC000304,Credit,Mastercard,BLOCKED,2032
CARD000176,CUST00176,Ekansh Tiwari,ACC000077,Credit,Visa,ACTIVE,2031
CARD000177,CUST00374,Simon Shanker,ACC000575,Debit,Visa,ACTIVE,2028
CARD000178,CUST00182,Ishanvi Dave,ACC000552,Debit,Visa,ACTIVE,2030
CARD000179,CUST00145,Baghyawati Mishra,ACC000532,Debit,Visa,ACTIVE,2031
CARD000180,CUST00370,Turvi Bala,ACC000658,Credit,RuPay,BLOCKED,2031
CARD000181,CUST00391,Triveni Mutti,ACC000639,Credit,Visa,ACTIVE,2028
CARD000182,CUST00196,Idika Malhotra,ACC000214,Debit,Visa,ACTIVE,2032
CARD000183,CUST00405,Ladli Garde,ACC000544,Credit,Visa,BLOCKED,2032
CARD000184,CUST00276,Yutika Patla,ACC000008,Debit,Mastercard,BLOCKED,2029
CARD000185,CUST00455,Avni Nagy,ACC000450,Debit,RuPay,ACTIVE,2031
CARD000186,CUST00142,Eesha Kant,ACC000140,Debit,RuPay,ACTIVE,2029
CARD000187,CUST00366,Avi Grover,ACC000427,Debit,Visa,ACTIVE,2027
CARD000188,CUST00068,Wazir Mitra,ACC000051,Debit,RuPay,BLOCKED,2028
CARD000189,CUST00211,Ekbal Singhal,ACC000174,Debit,RuPay,ACTIVE,2031
CARD000190,CUST00169,Suhani Narula,ACC000641,Debit,RuPay,BLOCKED,2032
CARD000191,CUST00494,Ojas Dara,ACC000109,Credit,RuPay,BLOCKED,2032
CARD000192,CUST00376,Wishi Minhas,ACC000694,Credit,Visa,ACTIVE,2028
CARD000193,CUST00401,Jatin Gill,ACC000286,Credit,RuPay,ACTIVE,2032
CARD000194,CUST00273,Tarak Solanki,ACC000391,Debit,RuPay,BLOCKED,2029
CARD000195,CUST00110,Maya Patla,ACC000490,Credit,RuPay,ACTIVE,2029
CARD000196,CUST00249,Harini Joshi,ACC000129,Credit,RuPay,BLOCKED,2032
CARD000197,CUST00146,Jack Morar,ACC000332,Debit,RuPay,ACTIVE,2030
CARD000198,CUST00093,Anthony Randhawa,ACC000162,Credit,Mastercard,BLOCKED,2030
CARD000199,CUST00153,Inaya Padmanabhan,ACC000244,Credit,Visa,ACTIVE,2029
CARD000200,CUST00368,Yatin Vora,ACC000259,Debit,RuPay,ACTIVE,2029
CARD000201,CUST00468,Triya Bala,ACC000007,Credit,Visa,ACTIVE,2029
CARD000202,CUST00084,Urvi Lanka,ACC000114,Debit,RuPay,ACTIVE,2031
CARD000203,CUST00246,Kalpit Balakrishnan,ACC000182,Debit,Visa,ACTIVE,2030
CARD000204,CUST00166,Dev Lal,ACC000284,Credit,Visa,ACTIVE,2029
CARD000205,CUST00164,Pooja D’Alia,ACC000261,Credit,RuPay,ACTIVE,2028
CARD000206,CUST00200,Vanya Zachariah,ACC000264,Credit,Mastercard,ACTIVE,2031
CARD000207,CUST00229,Saumya Deep,ACC000078,Credit,RuPay,ACTIVE,2032
CARD000208,CUST00075,Gagan Nagarajan,ACC000346,Debit,RuPay,ACTIVE,2030
CARD000209,CUST00479,Indrajit Sinha,ACC000178,Credit,RuPay,ACTIVE,2031
CARD000210,CUST00359,Falak Kota,ACC000621,Credit,Visa,BLOCKED,2027
CARD000211,CUST00251,Gaurav Anand,ACC000202,Debit,Mastercard,ACTIVE,2030
CARD000212,CUST00120,Kevin Krish,ACC000065,Credit,Visa,ACTIVE,2032
CARD000213,CUST00311,Pushti Lad,ACC000296,Debit,RuPay,BLOCKED,2027
CARD000214,CUST00300,Eshana Barad,ACC000313,Debit,Mastercard,ACTIVE,2029
CARD000215,CUST00256,Fitan Date,ACC000515,Debit,Visa,ACTIVE,2032
CARD000216,CUST00355,Harita Gulati,ACC000105,Credit,Mastercard,ACTIVE,2028
CARD000217,CUST00400,Ladli Bal,ACC000069,Credit,Mastercard,BLOCKED,2028
CARD000218,CUST00226,Andrew Puri,ACC000126,Debit,Mastercard,ACTIVE,2030
CARD000219,CUST00354,Deepa Dhingra,ACC000167,Debit,RuPay,BLOCKED,2029
CARD000220,CUST00235,Gautami Doctor,ACC000610,Debit,Mastercard,BLOCKED,2032
CARD000221,CUST00383,Ikbal Padmanabhan,ACC000336,Debit,Visa,BLOCKED,2031
CARD000222,CUST00275,Suhani Sheth,ACC000618,Debit,Mastercard,BLOCKED,2032
CARD000223,CUST00037,Gaurang Murty,ACC000642,Debit,RuPay,ACTIVE,2028
CARD000224,CUST00197,Yagnesh Nori,ACC000302,Debit,Mastercard,BLOCKED,2029
CARD000225,CUST00140,Vanya Acharya,ACC000028,Debit,Visa,BLOCKED,2030
CARD000226,CUST00365,Azad Dewan,ACC000274,Credit,Mastercard,ACTIVE,2029
CARD000227,CUST00245,Anjali Dixit,ACC000081,Credit,RuPay,ACTIVE,2029
CARD000228,CUST00440,Gautami Comar,ACC000413,Debit,Mastercard,BLOCKED,2031
CARD000229,CUST00287,Jagdish Prakash,ACC000150,Credit,Visa,ACTIVE,2028
CARD000230,CUST00060,Peter Tak,ACC000015,Credit,Visa,ACTIVE,2027
CARD000231,CUST00112,Sanaya Prasad,ACC000056,Debit,RuPay,ACTIVE,2029
CARD000232,CUST00090,Qasim Dey,ACC000031,Debit,Mastercard,ACTIVE,2029
CARD000233,CUST00437,Anusha Ravel,ACC000415,Credit,Mastercard,ACTIVE,2029
CARD000234,CUST00007,Anirudh Choudhury,ACC000215,Debit,Visa,ACTIVE,2031
CARD000235,CUST00361,Zilmil Pandey,ACC000528,Credit,RuPay,ACTIVE,2032
CARD000236,CUST00347,Timothy Bahri,ACC000262,Debit,Mastercard,ACTIVE,2029
CARD000237,CUST00339,Shivani Sen,ACC000144,Debit,Visa,ACTIVE,2028
CARD000238,CUST00159,Vansha Rajagopal,ACC000258,Credit,Visa,BLOCKED,2032
CARD000239,CUST00151,Krish Mital,ACC000066,Debit,Visa,BLOCKED,2032
CARD000240,CUST00178,Dominic Kade,ACC000278,Credit,Visa,ACTIVE,2029
CARD000241,CUST00394,Daksh Char,ACC000665,Credit,Visa,BLOCKED,2031
CARD000242,CUST00185,William Gandhi,ACC000157,Debit,Mastercard,BLOCKED,2031
CARD000243,CUST00450,Elijah Kale,ACC000362,Debit,Visa,ACTIVE,2031
CARD000244,CUST00011,Nandini Bhargava,ACC000372,Credit,RuPay,ACTIVE,2027
CARD000245,CUST00381,Nicholas Hari,ACC000016,Debit,RuPay,ACTIVE,2029
CARD000246,CUST00104,Anika Batra,ACC000175,Credit,Mastercard,ACTIVE,2027
CARD000247,CUST00082,Libni Thaman,ACC000079,Credit,RuPay,ACTIVE,2029
CARD000248,CUST00039,Maanav Rajagopal,ACC000027,Credit,Visa,ACTIVE,2027
CARD000249,CUST00315,Qushi Mandal,ACC000381,Credit,Mastercard,ACTIVE,2031
CARD000250,CUST00168,Sanya Mutti,ACC000287,Debit,Visa,ACTIVE,2030
CARD000251,CUST00470,Charvi Mukhopadhyay,ACC000005,Debit,Visa,BLOCKED,2031
CARD000252,CUST00297,Vritti Thaman,ACC000141,Debit,Mastercard,ACTIVE,2031
CARD000253,CUST00475,Ekiya Kata,ACC000594,Debit,Mastercard,ACTIVE,2031
CARD000254,CUST00199,Jagdish Brar,ACC000138,Credit,Mastercard,ACTIVE,2028
CARD000255,CUST00298,Vinaya Choudhary,ACC000320,Debit,RuPay,ACTIVE,2028
CARD000256,CUST00417,Jack Agarwal,ACC000317,Debit,Mastercard,ACTIVE,2032
CARD000257,CUST00147,David Dora,ACC000096,Debit,Mastercard,ACTIVE,2031
CARD000258,CUST00393,Meera Chatterjee,ACC000685,Debit,Visa,ACTIVE,2028
CARD000259,CUST00148,Yadavi Varughese,ACC000031,Credit,Mastercard,BLOCKED,2029
CARD000260,CUST00448,Rajata Vala,ACC000498,Credit,RuPay,ACTIVE,2028
CARD000261,CUST00288,Yoshita Hari,ACC000480,Debit,Visa,ACTIVE,2028
CARD000262,CUST00124,Luke Biswas,ACC000263,Debit,RuPay,ACTIVE,2031
CARD000263,CUST00369,Girish Ramaswamy,ACC000112,Debit,RuPay,ACTIVE,2028
CARD000264,CUST00097,Charita Puri,ACC000375,Debit,Mastercard,ACTIVE,2032
CARD000265,CUST00144,Hema Garde,ACC000496,Credit,Visa,BLOCKED,2032
CARD000266,CUST00240,Inaya Kala,ACC000666,Credit,Visa,BLOCKED,2030
CARD000267,CUST00443,Charan Sanghvi,ACC000326,Credit,Visa,ACTIVE,2028
CARD000268,CUST00098,George Wason,ACC000349,Debit,Visa,BLOCKED,2027
CARD000269,CUST00408,Bhavani Baria,ACC000036,Credit,Mastercard,ACTIVE,2032
CARD000270,CUST00123,Vansha Brahmbhatt,ACC000132,Debit,Visa,ACTIVE,2028
CARD000271,CUST00184,Faqid Bahl,ACC000075,Credit,RuPay,BLOCKED,2032
CARD000272,CUST00203,Shivani Natt,ACC000395,Credit,Mastercard,ACTIVE,2030
CARD000273,CUST00247,Upadhriti Chatterjee,ACC000415,Debit,RuPay,BLOCKED,2032
CARD000274,CUST00306,Dhriti Narayan,ACC000168,Credit,Mastercard,ACTIVE,2031
CARD000275,CUST00299,Kabir Peri,ACC000369,Debit,Mastercard,BLOCKED,2027
CARD000276,CUST00352,Charles Menon,ACC000252,Credit,RuPay,ACTIVE,2031
CARD000277,CUST00387,Yutika Sachdev,ACC000397,Debit,Visa,ACTIVE,2030
CARD000278,CUST00396,Chanchal Dass,ACC000408,Credit,Mastercard,BLOCKED,2028
CARD000279,CUST00285,Keya Chakrabarti,ACC000433,Credit,RuPay,ACTIVE,2032
CARD000280,CUST00126,Osha Pau,ACC000181,Debit,Mastercard,BLOCKED,2027
CARD000281,CUST00303,Unni Loyal,ACC000269,Debit,Visa,ACTIVE,2030
CARD000282,CUST00224,Ekiya Chakraborty,ACC000424,Credit,Mastercard,ACTIVE,2028
CARD000283,CUST00419,Baghyawati Bail,ACC000465,Debit,Mastercard,ACTIVE,2029
CARD000284,CUST00220,Tristan Kala,ACC000374,Credit,RuPay,ACTIVE,2032
CARD000285,CUST00130,Balendra Saini,ACC000271,Debit,Visa,ACTIVE,2032
CARD000286,CUST00421,Amara Dasgupta,ACC000447,Credit,RuPay,ACTIVE,2027
CARD000287,CUST00290,Ayush Dani,ACC000086,Credit,RuPay,ACTIVE,2030
CARD000288,CUST00445,Harshil Choudhry,ACC000564,Credit,Visa,ACTIVE,2029
CARD000289,CUST00377,Chatura Kothari,ACC000655,Debit,Visa,ACTIVE,2028
CARD000290,CUST00292,Hardik Atwal,ACC000053,Credit,Mastercard,ACTIVE,2032
CARD000291,CUST00356,Unnati Kala,ACC000457,Credit,RuPay,ACTIVE,2027
CARD000292,CUST00295,Sai Raval,ACC000125,Debit,Visa,ACTIVE,2031
CARD000293,CUST00397,Dipta Das,ACC000679,Credit,Visa,BLOCKED,2030
CARD000294,CUST00341,Pranit Sachdeva,ACC000399,Credit,RuPay,ACTIVE,2031
CARD000295,CUST00113,Raksha Sethi,ACC000010,Credit,Visa,ACTIVE,2031
CARD000296,CUST00180,Urvi Dugar,ACC000309,Credit,Mastercard,BLOCKED,2030
CARD000297,CUST00308,Maya Kumer,ACC000101,Debit,RuPay,ACTIVE,2028
CARD000298,CUST00433,Ira Chakraborty,ACC000221,Credit,RuPay,ACTIVE,2027
CARD000299,CUST00488,Nilima Bhardwaj,ACC000166,Debit,Visa,ACTIVE,2032
CARD000300,CUST00482,Alexander Krish,ACC000294,Credit,Visa,ACTIVE,2027
CARD000301,CUST00423,Xalak Pillay,ACC000308,Credit,Mastercard,ACTIVE,2027
CARD000302,CUST00234,Sudiksha Jaggi,ACC000058,Debit,Mastercard,ACTIVE,2028
CARD000303,CUST00312,Tanveer Mandal,ACC000311,Credit,RuPay,ACTIVE,2030
CARD000304,CUST00165,Oviya Ganesan,ACC000172,Credit,Visa,ACTIVE,2029
CARD000305,CUST00137,Chakrika Tara,ACC000225,Credit,Mastercard,BLOCKED,2027
CARD000306,CUST00198,Hema Borra,ACC000006,Credit,RuPay,ACTIVE,2029
CARD000307,CUST00259,Triya Khurana,ACC000595,Credit,Visa,ACTIVE,2032
CARD000308,CUST00233,Mitali Modi,ACC000282,Credit,RuPay,BLOCKED,2031
CARD000309,CUST00116,Omya Devi,ACC000003,Debit,RuPay,ACTIVE,2031
CARD000310,CUST00121,Ishita Bhatnagar,ACC000686,Debit,Visa,ACTIVE,2030
CARD000311,CUST00350,Upkaar Sampath,ACC000102,Credit,Mastercard,ACTIVE,2029
CARD000312,CUST00225,Nachiket Chada,ACC000119,Credit,Visa,BLOCKED,2031
CARD000313,CUST00403,Dalaja Chahal,ACC000013,Credit,Mastercard,ACTIVE,2031
CARD000314,CUST00398,Vritti Munshi,ACC000488,Debit,RuPay,ACTIVE,2028
CARD000315,CUST00128,Jagdish Arora,ACC000229,Debit,Visa,ACTIVE,2030
CARD000316,CUST00286,Mitesh Lala,ACC000641,Debit,RuPay,ACTIVE,2031
CARD000317,CUST00412,Champak Gopal,ACC000425,Credit,Visa,ACTIVE,2029
CARD000318,CUST00108,Amruta Mitra,ACC000535,Debit,Visa,ACTIVE,2032
CARD000319,CUST00371,Arya Edwin,ACC000251,Credit,Mastercard,ACTIVE,2029
CARD000320,CUST00326,Omisha Solanki,ACC000034,Credit,RuPay,ACTIVE,2027
CARD000321,CUST00134,Ishita Johal,ACC000117,Credit,Mastercard,BLOCKED,2032
CARD000322,CUST00453,Wakeeta Batta,ACC000626,Debit,Visa,ACTIVE,2029
CARD000323,CUST00045,Zashil Devan,ACC000024,Credit,RuPay,BLOCKED,2030
CARD000324,CUST00461,Faraj Garde,ACC000037,Debit,Mastercard,ACTIVE,2032
CARD000325,CUST00066,Harshil Varty,ACC000457,Credit,RuPay,ACTIVE,2030
CARD000326,CUST00284,Bhavani Pai,ACC000465,Credit,RuPay,ACTIVE,2031
CARD000327,CUST00086,Sarthak Suresh,ACC000684,Credit,RuPay,ACTIVE,2031
CARD000328,CUST00243,Parth Choudhury,ACC000097,Debit,Visa,ACTIVE,2029
CARD000329,CUST00187,Vidhi Subramaniam,ACC000068,Debit,Mastercard,ACTIVE,2029
CARD000330,CUST00384,Rudra Sur,ACC000385,Debit,RuPay,BLOCKED,2028
CARD000331,CUST00160,Chanchal Mannan,ACC000610,Debit,Mastercard,ACTIVE,2032
CARD000332,CUST00013,William Lanka,ACC000150,Debit,Mastercard,BLOCKED,2027
CARD000333,CUST00036,Parth Singhal,ACC000509,Debit,Mastercard,BLOCKED,2029
CARD000334,CUST00029,Isha Kuruvilla,ACC000347,Debit,RuPay,ACTIVE,2028
CARD000335,CUST00171,Yashoda Goel,ACC000373,Debit,Mastercard,ACTIVE,2028
CARD000336,CUST00143,Chanakya Raju,ACC000095,Credit,RuPay,ACTIVE,2030
CARD000337,CUST00399,Abha Raj,ACC000513,Debit,Visa,ACTIVE,2030
CARD000338,CUST00343,Dominic Sule,ACC000436,Credit,Mastercard,ACTIVE,2027
CARD000339,CUST00222,Benjamin Nagar,ACC000064,Debit,Visa,ACTIVE,2030
CARD000340,CUST00096,Vivaan Nagar,ACC000082,Credit,RuPay,ACTIVE,2027
CARD000341,CUST00052,Lakshmi Wali,ACC000095,Credit,Visa,ACTIVE,2029
CARD000342,CUST00241,Varenya Som,ACC000206,Credit,Visa,ACTIVE,2031
CARD000343,CUST00485,Leena Sawhney,ACC000675,Credit,Visa,ACTIVE,2032
CARD000344,CUST00379,Yashasvi Sant,ACC000025,Debit,Mastercard,ACTIVE,2028
CARD000345,CUST00179,Shravya Ravel,ACC000176,Credit,Mastercard,ACTIVE,2030
CARD000346,CUST00042,Radha Chaudhari,ACC000688,Debit,Mastercard,ACTIVE,2028
CARD000347,CUST00499,Tristan Borde,ACC000541,Credit,Visa,ACTIVE,2031
CARD000348,CUST00422,Harsh Manda,ACC000574,Debit,Visa,ACTIVE,2031
CARD000349,CUST00207,Radhika Viswanathan,ACC000370,Credit,Mastercard,ACTIVE,2032
CARD000350,CUST00283,Tristan Mall,ACC000291,Debit,Visa,ACTIVE,2029
CARD000351,CUST00255,Upasna Setty,ACC000401,Credit,RuPay,BLOCKED,2027
CARD000352,CUST00413,Garima Patel,ACC000344,Debit,Visa,BLOCKED,2032
CARD000353,CUST00005,Priya Rastogi,ACC000334,Debit,Visa,BLOCKED,2027
CARD000354,CUST00257,Hemal Chad,ACC000295,Debit,Mastercard,BLOCKED,2028
CARD000355,CUST00449,Pushti Iyengar,ACC000611,Credit,RuPay,ACTIVE,2029
CARD000356,CUST00101,Qarin Bhargava,ACC000439,Credit,Visa,ACTIVE,2030
CARD000357,CUST00227,Diya Sundaram,ACC000151,Debit,Visa,BLOCKED,2027
CARD000358,CUST00430,Frederick Basu,ACC000453,Credit,Mastercard,BLOCKED,2030
CARD000359,CUST00214,Ishita Desai,ACC000606,Debit,Visa,ACTIVE,2031
CARD000360,CUST00172,Teerth Iyer,ACC000519,Credit,Mastercard,BLOCKED,2028
CARD000361,CUST00099,Mekhala Khatri,ACC000052,Credit,Mastercard,BLOCKED,2030
CARD000362,CUST00293,Isaiah Murthy,ACC000121,Debit,Visa,BLOCKED,2027
CARD000363,CUST00216,Nimrat Nagy,ACC000149,Credit,Mastercard,BLOCKED,2028
CARD000364,CUST00062,Reva Viswanathan,ACC000506,Credit,Mastercard,ACTIVE,2031
CARD000365,CUST00048,Mohammed Sachdeva,ACC000106,Credit,RuPay,ACTIVE,2029
CARD000366,CUST00033,Saanvi Mishra,ACC000400,Debit,Mastercard,BLOCKED,2030
CARD000367,CUST00268,Praneel Chakraborty,ACC000314,Credit,Visa,ACTIVE,2031
CARD000368,CUST00328,Jagrati Lal,ACC000163,Credit,Mastercard,ACTIVE,2029
CARD000369,CUST00201,Hemal Pau,ACC000018,Debit,RuPay,BLOCKED,2030
CARD000370,CUST00447,Arin Vasa,ACC000116,Credit,RuPay,ACTIVE,2028
CARD000371,CUST00028,Michael Saran,ACC000679,Debit,RuPay,BLOCKED,2027
CARD000372,CUST00425,Theodore Chahal,ACC000586,Credit,Mastercard,ACTIVE,2030
CARD000373,CUST00231,Kashvi Gour,ACC000387,Debit,Mastercard,BLOCKED,2027
CARD000374,CUST00261,Aradhana Bhatia,ACC000613,Debit,RuPay,BLOCKED,2029
CARD000375,CUST00289,Nicholas Chaudry,ACC000421,Credit,RuPay,ACTIVE,2027
CARD000376,CUST00163,Aarnav Arya,ACC000223,Debit,RuPay,ACTIVE,2028
CARD000377,CUST00426,Jacob Dhar,ACC000677,Debit,Mastercard,ACTIVE,2030
CARD000378,CUST00139,Patrick Khalsa,ACC000434,Credit,Visa,ACTIVE,2032
CARD000379,CUST00063,Inaya Mukherjee,ACC000211,Credit,Mastercard,ACTIVE,2030
CARD000380,CUST00136,Kabir Chanda,ACC000353,Debit,RuPay,ACTIVE,2031
CARD000381,CUST00129,Watika Shah,ACC000435,Credit,Visa,ACTIVE,2027
CARD000382,CUST00477,Ekbal Oak,ACC000386,Credit,RuPay,ACTIVE,2027
CARD000383,CUST00009,Ekavir Varkey,ACC000574,Credit,Visa,ACTIVE,2027
CARD000384,CUST00327,Omaja Parsa,ACC000241,Credit,RuPay,BLOCKED,2032
CARD000385,CUST00464,Benjamin Venkatesh,ACC000022,Credit,RuPay,BLOCKED,2030
CARD000386,CUST00065,Saumya Kaur,ACC000391,Credit,RuPay,ACTIVE,2032
CARD000387,CUST00301,Ojas Mistry,ACC000193,Debit,Mastercard,ACTIVE,2028
CARD000388,CUST00015,Aradhana Basu,ACC000569,Credit,Mastercard,BLOCKED,2028
CARD000389,CUST00157,Osha Narula,ACC000301,Credit,RuPay,ACTIVE,2028
CARD000390,CUST00041,Alexander Dhawan,ACC000158,Debit,Visa,ACTIVE,2028
CARD000391,CUST00380,Ekbal Nath,ACC000499,Credit,Visa,ACTIVE,2028
CARD000392,CUST00469,Chatura Chad,ACC000191,Credit,Mastercard,BLOCKED,2031
CARD000393,CUST00404,Nidra Atwal,ACC000185,Credit,RuPay,BLOCKED,2031
CARD000394,CUST00217,Ekavir Arya,ACC000110,Credit,Mastercard,ACTIVE,2028
CARD000395,CUST00280,Utkarsh Sule,ACC000514,Debit,Mastercard,ACTIVE,2031
CARD000396,CUST00435,Girik Palla,ACC000208,Credit,RuPay,ACTIVE,2032
CARD000397,CUST00431,Arjun Raja,ACC000007,Credit,Mastercard,ACTIVE,2027
CARD000398,CUST00338,Tanveer Goswami,ACC000039,Credit,RuPay,ACTIVE,2027
CARD000399,CUST00237,Chanchal Narula,ACC000213,Credit,RuPay,ACTIVE,2028
CARD000400,CUST00208,Vansha Mistry,ACC000675,Credit,Mastercard,ACTIVE,2031
CARD000401,CUST00213,Gaurav Kothari,ACC000004,Debit,Visa,BLOCKED,2032
CARD000402,CUST00296,Ayushman Chaudhary,ACC000462,Debit,RuPay,ACTIVE,2031
CARD000403,CUST00458,Yashoda Nath,ACC000518,Debit,Mastercard,ACTIVE,2030
CARD000404,CUST00252,Siddharth Ghose,ACC000164,Credit,RuPay,BLOCKED,2031
CARD000405,CUST00489,Edhitha Barman,ACC000402,Credit,Mastercard,ACTIVE,2029
CARD000406,CUST00487,Megha Barad,ACC000113,Credit,Visa,ACTIVE,2032
CARD000407,CUST00304,Nidra Khare,ACC000215,Credit,RuPay,ACTIVE,2027
CARD000408,CUST00351,Zinal Khalsa,ACC000556,Credit,RuPay,ACTIVE,2031
CARD000409,CUST00270,Gaurika Setty,ACC000053,Credit,RuPay,ACTIVE,2029
CARD000410,CUST00202,Mason Solanki,ACC000497,Debit,Visa,ACTIVE,2029
CARD000411,CUST00162,Omya Cheema,ACC000053,Credit,Visa,ACTIVE,2029
CARD000412,CUST00044,Rushil Rajagopalan,ACC000115,Credit,Visa,ACTIVE,2031
CARD000413,CUST00218,Lekha Gupta,ACC000180,Debit,RuPay,ACTIVE,2032
CARD000414,CUST00402,Aashi Andra,ACC000458,Credit,Visa,ACTIVE,2032
CARD000415,CUST00191,Kamala Bassi,ACC000688,Debit,Mastercard,ACTIVE,2031
CARD000416,CUST00310,Kiaan Lad,ACC000355,Debit,Mastercard,ACTIVE,2028
CARD000417,CUST00260,Arjun Chanda,ACC000200,Debit,Mastercard,BLOCKED,2030
CARD000418,CUST00106,Frederick Merchant,ACC000248,Debit,RuPay,BLOCKED,2032
CARD000419,CUST00054,Indira Chawla,ACC000161,Debit,Visa,ACTIVE,2027
CARD000420,CUST00390,Isaac Chakraborty,ACC000658,Credit,Visa,ACTIVE,2028
CARD000421,CUST00002,Abeer Dutta,ACC000476,Credit,Mastercard,ACTIVE,2030
CARD000422,CUST00442,Aishani Mohanty,ACC000521,Debit,Mastercard,BLOCKED,2030
CARD000423,CUST00483,Warda Parikh,ACC000207,Credit,Visa,BLOCKED,2027
CARD000424,CUST00050,Owen Choudhary,ACC000296,Credit,Mastercard,ACTIVE,2031
CARD000425,CUST00420,Agastya Bassi,ACC000652,Debit,Visa,ACTIVE,2030
CARD000426,CUST00081,Chanakya Bedi,ACC000199,Credit,Mastercard,ACTIVE,2029
CARD000427,CUST00206,Frado Ramakrishnan,ACC000142,Debit,Mastercard,BLOCKED,2030
CARD000428,CUST00035,Reva Dash,ACC000083,Debit,RuPay,ACTIVE,2031
CARD000429,CUST00264,Chandani Ramakrishnan,ACC000346,Debit,Mastercard,ACTIVE,2032
CARD000430,CUST00428,Utkarsh Sampath,ACC000177,Debit,Visa,ACTIVE,2030
CARD000431,CUST00367,Vanya Biswas,ACC000407,Debit,RuPay,ACTIVE,2032
CARD000432,CUST00092,David Tiwari,ACC000312,Credit,Mastercard,ACTIVE,2032
CARD000433,CUST00340,Chatresh Vig,ACC000578,Credit,Mastercard,ACTIVE,2027
CARD000434,CUST00474,Krisha Sodhi,ACC000025,Debit,Visa,ACTIVE,2031
CARD000435,CUST00053,Kavya Dua,ACC000617,Debit,RuPay,ACTIVE,2027
CARD000436,CUST00346,Aditya Ghose,ACC000124,Debit,Mastercard,ACTIVE,2027
CARD000437,CUST00265,Daksh Nazareth,ACC000189,Credit,Mastercard,BLOCKED,2032
CARD000438,CUST00242,Avni Balasubramanian,ACC000285,Debit,RuPay,BLOCKED,2029
CARD000439,CUST00014,Raksha Mittal,ACC000500,Credit,RuPay,ACTIVE,2029
CARD000440,CUST00316,Rajata D’Alia,ACC000525,Debit,Visa,ACTIVE,2027
CARD000441,CUST00089,Wakeeta Desai,ACC000253,Credit,Mastercard,ACTIVE,2027
CARD000442,CUST00388,Luke Venkatesh,ACC000103,Credit,Mastercard,ACTIVE,2030
CARD000443,CUST00274,Meera Srinivas,ACC000226,Debit,Mastercard,ACTIVE,2031
CARD000444,CUST00167,Yashasvi Singh,ACC000280,Credit,Visa,BLOCKED,2027
CARD000445,CUST00329,Chandresh Sarma,ACC000429,Debit,RuPay,BLOCKED,2028
CARD000446,CUST00493,Omya Karpe,ACC000430,Debit,Mastercard,ACTIVE,2027
CARD000447,CUST00135,Sneha Krish,ACC000091,Debit,Visa,ACTIVE,2031
CARD000448,CUST00307,Yatin Mall,ACC000002,Credit,Mastercard,ACTIVE,2030
CARD000449,CUST00481,Jeremiah Sani,ACC000039,Debit,RuPay,ACTIVE,2027
CARD000450,CUST00320,Quincy Saraf,ACC000021,Credit,Mastercard,ACTIVE,2032
