source_system,incoming_term,recommended_concept,action,semantic_score,reason,top_vector_candidate,top_vector_score
CRM,client,Customer,REUSE,0.7629,"The incoming term 'client' and its description 'Person maintaining or potentially establishing a relationship with the bank' align perfectly with the 'Customer' concept, which is described as 'Individual maintaining a banking relationship with the bank'. The meaning is the same, and 'Customer' is a more specific and appropriate term than 'Party' in a banking context.",Customer,0.7629
CRM,client_id,Customer,REUSE,0.7027,"The incoming term 'client_id' is described as a unique identifier for a banking client. The 'Customer' concept represents an individual maintaining a banking relationship, which is synonymous with a banking client. Therefore, 'client_id' is an identifier for the 'Customer' concept.",Customer,0.7027
Cards,card_holder,Customer,REUSE,0.6749,"The incoming term 'card_holder' is defined as a 'Customer to whom a payment card has been issued.' This directly maps to the existing 'Customer' concept, which describes an 'Individual maintaining a banking relationship with the bank.' A card holder is fundamentally a customer of the bank.",Card,0.7321
Cards,card_holder_id,Customer,REUSE,0.662,The incoming term 'card_holder_id' refers to the identifier of the customer who holds the card. The 'Customer' concept accurately represents the 'card holder' as an 'individual maintaining a banking relationship with the bank'.,Card,0.7052
Payments,account_ref,Account,REUSE,0.6951,"The incoming term 'account_ref' is described as a 'Reference to the financial account'. The existing 'Account' concept directly represents a 'Financial account'. Therefore, the incoming term refers to an instance of the 'Account' concept.",Transaction,0.6969
Payments,merchant_ref,MerchantIdentifier,CREATE_NEW,0.7491,"The incoming term 'merchant_ref' describes an identifier for a merchant, which is a distinct business meaning from the 'Merchant' entity concept. None of the provided candidate concepts represent an identifier.",Merchant,0.7491
Payments,payment_event,Transaction,REUSE,0.6993,"The incoming term 'payment_event' describes a 'Financial event representing transfer or movement of money', which closely aligns with the 'Transaction' concept defined as 'Financial movement of value associated with an account'. A payment event is a specific type of financial transaction.",Transaction,0.6993
Fraud,subject,Party,REUSE,0.657,"The incoming term 'subject' refers to a 'Person being evaluated', which aligns with the generic definition of 'Party' as a 'Generic person or organisation'. The fraud investigation context describes the role or state of the person, not a distinct entity type.",RiskEvent,0.6858
Fraud,fraud_case,RiskEvent,REUSE,0.7307,"The incoming term 'fraud_case' describes a 'Risk investigation event generated from suspicious banking activity'. The candidate concept 'RiskEvent' is defined as a 'Risk or fraud event associated with banking activity', which perfectly matches the business meaning of the incoming term.",RiskEvent,0.7307
DigitalBanking,mobile_wallet,MobileWallet,CREATE_NEW,0.0,"None of the existing concepts (Transaction, Merchant, Card) accurately represent a 'mobile_wallet'. A mobile wallet is a digital payment instrument/account, distinct from a financial movement (Transaction), a business entity (Merchant), or a physical/digital card. A new concept is needed to capture its specific meaning.",Transaction,0.6624
Lending,borrower,Customer,REUSE,0.7183,"A 'borrower' is defined as a 'Customer who has obtained a loan from the bank'. The existing 'Customer' concept describes an 'Individual maintaining a banking relationship with the bank', which encompasses the meaning of a borrower. Therefore, 'Customer' is the most appropriate existing concept to reuse.",Customer,0.7183
ATM,terminal,PaymentChannel,REUSE,0.6634,The incoming term 'terminal' is described as a 'Physical or electronic terminal where banking transactions occur'. This aligns well with the definition of 'PaymentChannel' as a 'Channel through which a financial transaction is initiated'. A terminal serves as a channel for initiating transactions.,Branch,0.702
