account_id,customer_id,account_type,account_status,currency_code,balance,branch_code,opened_date
ACC000001,CUST99999,Current,BLOCKED,INR,299504.67,BR014,2021-03-12
ACC000002,CUST00307,Salary,DORMANT,INR,457107.39,BR010,2023-03-11
ACC000003,CUST00116,Savings,DORMANT,INR,853408.79,BR004,2026-08-27
ACC000004,CUST00213,Savings,DORMANT,INR,572136.73,BR019,2020-09-17
ACC000005,CUST00470,Current,BLOCKED,INR,295583.14,BR027,2022-08-26
ACC000006,CUST00198,Salary,DORMANT,INR,274843.14,BR019,2024-12-15
ACC000007,CUST00431,Salary,BLOCKED,INR,973616.02,BR030,2025-09-29
ACC000008,CUST00276,Salary,BLOCKED,INR,496978.92,BR029,2019-10-13
ACC000009,CUST00131,Current,ACTIVE,INR,607261.47,BR012,2021-10-28
ACC000010,CUST00113,Savings,BLOCKED,INR,190536.92,BR009,2020-08-30
ACC000011,CUST00460,Salary,BLOCKED,INR,767587.04,BR022,2021-09-09
ACC000012,CUST00177,Savings,BLOCKED,INR,97615.35,BR021,2024-12-21
ACC000013,CUST00403,Salary,ACTIVE,INR,309278.42,BR015,2025-01-22
ACC000014,CUST00431,Savings,BLOCKED,INR,365178.8,BR005,2023-05-24
ACC000015,CUST00060,Savings,DORMANT,INR,327055.77,BR014,2022-10-18
ACC000016,CUST00381,Savings,ACTIVE,INR,132593.72,BR018,2025-12-18
ACC000017,CUST00071,Current,BLOCKED,INR,502043.86,BR009,2024-11-25
ACC000018,CUST00201,Savings,DORMANT,INR,914091.93,BR016,2021-09-29
ACC000019,CUST00102,Current,BLOCKED,INR,870461.76,BR026,2018-05-12
ACC000020,CUST00067,Savings,DORMANT,INR,962911.85,BR005,2020-06-11
ACC000021,CUST00320,Savings,BLOCKED,INR,724354.6,BR013,2018-08-19
ACC000022,CUST00464,Salary,DORMANT,INR,90757.72,BR013,2021-08-10
ACC000023,CUST00498,Savings,DORMANT,INR,536804.02,BR015,2023-11-10
ACC000024,CUST00045,Current,BLOCKED,INR,749137.1,BR009,2024-04-29
ACC000025,CUST00379,Salary,DORMANT,INR,822506.09,BR012,2022-04-03
ACC000026,CUST00113,Savings,BLOCKED,INR,234204.99,BR001,2020-12-05
ACC000027,CUST00039,Salary,BLOCKED,INR,328342.28,BR020,2023-12-13
ACC000028,CUST00140,Savings,BLOCKED,INR,63685.43,BR027,2018-09-09
ACC000029,CUST00192,Current,BLOCKED,INR,302539.08,BR014,2019-09-19
ACC000030,CUST00195,Savings,ACTIVE,INR,45824.14,BR002,2024-08-16
ACC000031,CUST00090,Current,DORMANT,INR,116562.42,BR008,2022-02-22
ACC000032,CUST00090,Salary,ACTIVE,INR,388951.51,BR012,2018-08-26
ACC000033,CUST00095,Salary,BLOCKED,INR,696635.75,BR018,2022-08-19
ACC000034,CUST00326,Current,BLOCKED,INR,742397.88,BR005,2023-06-29
ACC000035,CUST00480,Current,BLOCKED,INR,99472.12,BR016,2018-11-24
ACC000036,CUST00408,Salary,DORMANT,INR,939083.54,BR009,2024-12-12
ACC000037,CUST00102,Savings,BLOCKED,INR,370844.69,BR015,2025-01-15
ACC000038,CUST00337,Current,ACTIVE,INR,855522.47,BR004,2023-09-24
ACC000039,CUST00481,Salary,DORMANT,INR,544693.63,BR021,2020-09-18
ACC000040,CUST00094,Current,ACTIVE,INR,398440.57,BR007,2017-03-18
ACC000041,CUST00027,Savings,DORMANT,INR,92127.59,BR007,2021-09-01
ACC000042,CUST00117,Salary,BLOCKED,INR,597347.39,BR001,2021-04-11
ACC000043,CUST00209,Savings,DORMANT,INR,243947.11,BR005,2025-05-09
ACC000044,CUST00125,Salary,ACTIVE,INR,69075.85,BR025,2020-05-18
ACC000045,CUST00210,Salary,ACTIVE,INR,586589.89,BR027,2023-09-05
ACC000046,CUST00088,Savings,DORMANT,INR,774481.39,BR026,2017-10-02
ACC000047,CUST00071,Salary,ACTIVE,INR,277636.21,BR005,2026-04-14
ACC000048,CUST00495,Savings,BLOCKED,INR,251028.87,BR006,2022-03-21
ACC000049,CUST00094,Savings,BLOCKED,INR,866514.66,BR005,2021-03-03
ACC000050,CUST00012,Savings,DORMANT,INR,790089.67,BR008,2022-02-14
ACC000051,CUST00068,Salary,DORMANT,INR,16273.19,BR009,2023-09-19
ACC000052,CUST00099,Savings,ACTIVE,INR,741847.2,BR017,2023-05-18
ACC000053,CUST00162,Savings,BLOCKED,INR,64026.26,BR015,2024-03-28
ACC000054,CUST00174,Current,BLOCKED,INR,593869.18,BR015,2023-12-15
ACC000055,CUST00113,Salary,ACTIVE,INR,945442.94,BR002,2023-07-03
ACC000056,CUST00156,Salary,BLOCKED,INR,521690.49,BR015,2021-02-25
ACC000057,CUST00364,Salary,ACTIVE,INR,61294.99,BR016,2017-08-25
ACC000058,CUST00234,Current,DORMANT,INR,686254.45,BR016,2021-04-14
ACC000059,CUST00071,Salary,DORMANT,INR,73953.97,BR003,2024-12-23
ACC000060,CUST00462,Current,BLOCKED,INR,148759.66,BR005,2020-06-11
ACC000061,CUST00451,Current,BLOCKED,INR,633260.19,BR018,2022-07-02
ACC000062,CUST00302,Salary,DORMANT,INR,381213.95,BR020,2017-06-30
ACC000063,CUST00320,Salary,DORMANT,INR,453988.56,BR020,2021-12-20
ACC000064,CUST00222,Current,ACTIVE,INR,793199.55,BR004,2024-05-02
ACC000065,CUST00120,Salary,BLOCKED,INR,877767.36,BR018,2023-09-10
ACC000066,CUST00151,Salary,ACTIVE,INR,430354.91,BR029,2020-06-26
ACC000067,CUST00228,Savings,DORMANT,INR,339262.15,BR015,2026-06-17
ACC000068,CUST00471,Current,DORMANT,INR,729747.7,BR011,2019-07-21
ACC000069,CUST00400,Current,DORMANT,INR,665275.31,BR012,2025-11-02
ACC000070,CUST00030,Savings,BLOCKED,INR,923023.54,BR003,2020-03-24
ACC000071,CUST00099,Savings,ACTIVE,INR,93683.49,BR004,2018-08-06
ACC000072,CUST00162,Salary,BLOCKED,INR,372960.54,BR005,2022-04-30
ACC000073,CUST00429,Salary,ACTIVE,INR,586671.85,BR018,2018-12-01
ACC000074,CUST00003,Salary,DORMANT,INR,670178.26,BR014,2025-11-25
ACC000075,CUST00184,Current,BLOCKED,INR,941159.3,BR014,2017-01-21
ACC000076,CUST00389,Salary,ACTIVE,INR,968414.43,BR020,2017-01-29
ACC000077,CUST00176,Current,DORMANT,INR,104048.77,BR017,2023-03-04
ACC000078,CUST00229,Savings,ACTIVE,INR,656907.93,BR008,2018-04-03
ACC000079,CUST00082,Savings,DORMANT,INR,845450.73,BR012,2022-05-22
ACC000080,CUST00331,Savings,DORMANT,INR,574312.95,BR026,2022-09-20
ACC000081,CUST00245,Current,BLOCKED,INR,974559.33,BR027,2026-02-15
ACC000082,CUST00096,Salary,BLOCKED,INR,675139.22,BR018,2017-10-19
ACC000083,CUST00035,Savings,BLOCKED,INR,929119.75,BR027,2017-07-22
ACC000084,CUST00045,Salary,DORMANT,INR,29438.7,BR009,2025-07-17
ACC000085,CUST00035,Salary,DORMANT,INR,921576.75,BR012,2020-04-19
ACC000086,CUST00290,Savings,ACTIVE,INR,869927.78,BR019,2022-11-17
ACC000087,CUST00195,Salary,DORMANT,INR,70050.63,BR024,2025-10-30
ACC000088,CUST00406,Salary,ACTIVE,INR,92211.8,BR017,2020-02-05
ACC000089,CUST00131,Savings,DORMANT,INR,420122.58,BR011,2019-05-23
ACC000090,CUST00049,Savings,DORMANT,INR,311981.55,BR011,2025-10-31
ACC000091,CUST00135,Salary,BLOCKED,INR,85414.56,BR002,2023-06-13
ACC000092,CUST00472,Savings,ACTIVE,INR,754558.66,BR002,2020-08-15
ACC000093,CUST00454,Salary,ACTIVE,INR,272466.79,BR022,2021-08-28
ACC000094,CUST00068,Current,DORMANT,INR,607272.47,BR014,2019-06-19
ACC000095,CUST00052,Current,ACTIVE,INR,755065.67,BR004,2023-01-30
ACC000096,CUST00147,Current,DORMANT,INR,111334.33,BR022,2022-05-11
ACC000097,CUST00243,Salary,BLOCKED,INR,486889.44,BR022,2023-10-02
ACC000098,CUST00001,Current,ACTIVE,INR,220908.18,BR020,2020-05-21
ACC000099,CUST00254,Savings,ACTIVE,INR,204820.91,BR007,2026-02-15
ACC000100,CUST00064,Savings,DORMANT,INR,289802.41,BR004,2020-12-13
ACC000101,CUST00308,Savings,DORMANT,INR,747140.62,BR006,2016-12-13
ACC000102,CUST00350,Savings,DORMANT,INR,532816.06,BR008,2017-05-02
ACC000103,CUST00388,Salary,BLOCKED,INR,833437.53,BR026,2017-01-22
ACC000104,CUST00022,Current,ACTIVE,INR,397372.64,BR024,2025-09-04
ACC000105,CUST00355,Savings,DORMANT,INR,19232.17,BR030,2018-06-19
ACC000106,CUST00228,Savings,DORMANT,INR,575971.28,BR019,2025-04-02
ACC000107,CUST00375,Current,BLOCKED,INR,640321.6,BR010,2023-06-28
ACC000108,CUST00358,Savings,DORMANT,INR,21346.13,BR011,2024-12-20
ACC000109,CUST00457,Savings,BLOCKED,INR,460366.85,BR023,2017-06-09
ACC000110,CUST00217,Current,ACTIVE,INR,436993.42,BR004,2019-05-23
ACC000111,CUST00388,Savings,DORMANT,INR,589076.85,BR017,2021-07-15
ACC000112,CUST00369,Savings,DORMANT,INR,870589.15,BR024,2021-11-06
ACC000113,CUST00487,Current,ACTIVE,INR,333402.09,BR006,2017-02-17
ACC000114,CUST00084,Savings,BLOCKED,INR,633408.05,BR017,2020-08-19
ACC000115,CUST00044,Salary,ACTIVE,INR,905969.77,BR012,2020-12-04
ACC000116,CUST00447,Current,BLOCKED,INR,958244.24,BR021,2017-04-17
ACC000117,CUST00158,Savings,ACTIVE,INR,103253.13,BR009,2021-05-09
ACC000118,CUST00333,Savings,ACTIVE,INR,602597.79,BR025,2018-10-28
ACC000119,CUST00225,Salary,ACTIVE,INR,177557.56,BR025,2023-02-23
ACC000120,CUST00102,Salary,DORMANT,INR,464221.09,BR019,2023-07-16
ACC000121,CUST00293,Salary,DORMANT,INR,681292.91,BR029,2018-12-14
ACC000122,CUST00094,Salary,BLOCKED,INR,635480.67,BR020,2021-04-24
ACC000123,CUST00416,Current,BLOCKED,INR,316480.83,BR015,2018-03-01
ACC000124,CUST00346,Savings,DORMANT,INR,442486.96,BR010,2018-01-08
ACC000125,CUST00295,Current,BLOCKED,INR,56644.03,BR017,2017-12-23
ACC000126,CUST00226,Savings,DORMANT,INR,462011.62,BR002,2025-04-20
ACC000127,CUST00463,Savings,DORMANT,INR,831780.78,BR003,2023-10-15
ACC000128,CUST00277,Salary,ACTIVE,INR,615200.88,BR017,2017-01-23
ACC000129,CUST00249,Current,DORMANT,INR,580539.24,BR026,2016-12-20
ACC000130,CUST00158,Salary,ACTIVE,INR,450008.84,BR026,2025-12-07
ACC000131,CUST00266,Salary,BLOCKED,INR,188645.35,BR020,2019-04-21
ACC000132,CUST00123,Current,BLOCKED,INR,151285.65,BR002,2018-05-06
ACC000133,CUST00334,Current,ACTIVE,INR,811061.33,BR027,2023-05-17
ACC000134,CUST00082,Current,BLOCKED,INR,84786.97,BR021,2020-01-10
ACC000135,CUST00031,Savings,ACTIVE,INR,248119.85,BR015,2022-01-11
ACC000136,CUST00454,Current,BLOCKED,INR,522986.66,BR006,2022-03-24
ACC000137,CUST00217,Current,DORMANT,INR,917977.82,BR013,2023-12-14
ACC000138,CUST00199,Current,DORMANT,INR,679058.27,BR002,2025-06-08
ACC000139,CUST00058,Salary,BLOCKED,INR,334982.02,BR011,2017-02-12
ACC000140,CUST00142,Savings,BLOCKED,INR,678540.16,BR010,2021-11-10
ACC000141,CUST00297,Current,BLOCKED,INR,851640.48,BR030,2021-05-19
ACC000142,CUST00206,Salary,ACTIVE,INR,333695.36,BR019,2024-07-11
ACC000143,CUST00308,Salary,ACTIVE,INR,916788.08,BR010,2020-03-02
ACC000144,CUST00339,Salary,BLOCKED,INR,662304.09,BR005,2018-06-01
ACC000145,CUST00321,Salary,BLOCKED,INR,938033.2,BR010,2021-03-20
ACC000146,CUST00008,Salary,DORMANT,INR,643671.52,BR011,2026-07-10
ACC000147,CUST00010,Savings,BLOCKED,INR,702979.46,BR024,2024-09-27
ACC000148,CUST00016,Salary,BLOCKED,INR,93906.24,BR022,2023-02-15
ACC000149,CUST00216,Current,BLOCKED,INR,362147.18,BR012,2021-09-03
ACC000150,CUST00013,Current,ACTIVE,INR,951193.73,BR011,2024-01-11
ACC000151,CUST00227,Current,ACTIVE,INR,226929.78,BR005,2018-04-21
ACC000152,CUST00500,Savings,ACTIVE,INR,296144.21,BR026,2020-07-02
ACC000153,CUST00381,Savings,BLOCKED,INR,770989.28,BR027,2023-08-19
ACC000154,CUST00281,Salary,BLOCKED,INR,38228.62,BR011,2026-04-06
ACC000155,CUST00127,Salary,ACTIVE,INR,597447.82,BR005,2021-06-16
ACC000156,CUST00337,Savings,ACTIVE,INR,831429.38,BR025,2024-12-10
ACC000157,CUST00185,Salary,ACTIVE,INR,721322.41,BR002,2021-07-23
ACC000158,CUST00041,Current,DORMANT,INR,676524.74,BR008,2025-10-16
ACC000159,CUST00334,Current,BLOCKED,INR,285285.47,BR024,2025-05-03
ACC000160,CUST00294,Current,ACTIVE,INR,534244.14,BR010,2020-11-17
ACC000161,CUST00054,Current,ACTIVE,INR,368157.04,BR019,2023-03-24
ACC000162,CUST00093,Current,DORMANT,INR,769553.83,BR025,2017-01-04
ACC000163,CUST00020,Current,BLOCKED,INR,527696.06,BR006,2025-03-05
ACC000164,CUST00252,Savings,BLOCKED,INR,138829.34,BR009,2023-06-02
ACC000165,CUST00429,Savings,BLOCKED,INR,480850.36,BR012,2023-01-23
ACC000166,CUST00488,Salary,ACTIVE,INR,711545.28,BR017,2026-01-07
ACC000167,CUST00354,Savings,DORMANT,INR,84333.19,BR006,2018-07-24
ACC000168,CUST00306,Current,DORMANT,INR,905353.56,BR005,2024-05-31
ACC000169,CUST00186,Current,ACTIVE,INR,946440.06,BR008,2020-07-13
ACC000170,CUST00373,Current,DORMANT,INR,930506.69,BR014,2026-07-20
ACC000171,CUST00032,Savings,DORMANT,INR,502256.11,BR008,2017-02-21
ACC000172,CUST00165,Current,ACTIVE,INR,375225.22,BR001,2023-06-25
ACC000173,CUST00070,Current,ACTIVE,INR,839256.7,BR021,2020-09-01
ACC000174,CUST00211,Current,ACTIVE,INR,138030.79,BR010,2024-04-29
ACC000175,CUST00104,Current,BLOCKED,INR,831194.93,BR025,2023-01-04
ACC000176,CUST00179,Salary,DORMANT,INR,448877.17,BR001,2024-10-30
ACC000177,CUST00428,Savings,ACTIVE,INR,256295.97,BR027,2026-04-20
ACC000178,CUST00427,Savings,BLOCKED,INR,940255.84,BR020,2018-07-28
ACC000179,CUST00152,Salary,DORMANT,INR,111631.27,BR010,2022-01-02
ACC000180,CUST00218,Savings,DORMANT,INR,122287.42,BR008,2022-05-17
ACC000181,CUST00126,Current,BLOCKED,INR,794002.16,BR015,2019-03-02
ACC000182,CUST00246,Savings,ACTIVE,INR,836769.38,BR016,2018-02-21
ACC000183,CUST00308,Salary,BLOCKED,INR,16927.13,BR017,2018-05-05
ACC000184,CUST00057,Salary,ACTIVE,INR,718685.06,BR010,2026-04-06
ACC000185,CUST00102,Current,ACTIVE,INR,615002.18,BR008,2019-08-07
ACC000186,CUST00023,Salary,DORMANT,INR,187720.25,BR022,2020-04-02
ACC000187,CUST00438,Savings,BLOCKED,INR,974667.16,BR003,2025-01-19
ACC000188,CUST00355,Salary,BLOCKED,INR,507574.03,BR017,2020-12-21
ACC000189,CUST00229,Salary,ACTIVE,INR,390758.51,BR016,2018-02-23
ACC000190,CUST00249,Savings,BLOCKED,INR,387187.88,BR012,2019-02-15
ACC000191,CUST00469,Current,BLOCKED,INR,16734.11,BR026,2023-07-31
ACC000192,CUST00350,Savings,DORMANT,INR,241505.36,BR022,2024-10-10
ACC000193,CUST00301,Salary,ACTIVE,INR,771615.62,BR024,2025-08-16
ACC000194,CUST00337,Current,ACTIVE,INR,44813.52,BR018,2026-05-11
ACC000195,CUST00071,Current,BLOCKED,INR,175501.58,BR025,2020-09-03
ACC000196,CUST00319,Salary,DORMANT,INR,980828.78,BR016,2017-09-21
ACC000197,CUST00322,Salary,ACTIVE,INR,811591.93,BR003,2025-02-10
ACC000198,CUST00239,Salary,DORMANT,INR,37465.3,BR007,2021-01-03
ACC000199,CUST00081,Savings,ACTIVE,INR,885847.49,BR011,2023-09-23
ACC000200,CUST00260,Current,BLOCKED,INR,398524.94,BR027,2022-01-07
ACC000201,CUST00006,Salary,DORMANT,INR,253687.11,BR025,2022-06-20
ACC000202,CUST00251,Salary,ACTIVE,INR,286467.84,BR028,2019-04-13
ACC000203,CUST00031,Savings,BLOCKED,INR,332258.72,BR004,2017-05-04
ACC000204,CUST00019,Current,DORMANT,INR,889541.77,BR024,2022-03-10
ACC000205,CUST00060,Current,DORMANT,INR,339367.11,BR006,2026-05-03
ACC000206,CUST00241,Current,BLOCKED,INR,497774.63,BR030,2023-08-21
ACC000207,CUST00483,Salary,DORMANT,INR,801247.51,BR024,2016-10-24
ACC000208,CUST00435,Current,ACTIVE,INR,430891.85,BR027,2021-04-13
ACC000209,CUST00016,Savings,BLOCKED,INR,294119.54,BR004,2020-04-12
ACC000210,CUST00487,Savings,DORMANT,INR,661088.76,BR010,2026-04-15
ACC000211,CUST00063,Current,BLOCKED,INR,717804.08,BR006,2025-01-12
ACC000212,CUST00272,Salary,DORMANT,INR,351871.21,BR002,2026-01-01
ACC000213,CUST00237,Salary,DORMANT,INR,615044.06,BR014,2025-03-22
ACC000214,CUST00196,Current,BLOCKED,INR,980037.27,BR002,2022-01-17
ACC000215,CUST00304,Savings,BLOCKED,INR,637693.78,BR012,2020-09-23
ACC000216,CUST00467,Salary,BLOCKED,INR,679570.9,BR001,2022-03-12
ACC000217,CUST00497,Savings,BLOCKED,INR,678249.83,BR015,2024-07-26
ACC000218,CUST00357,Savings,ACTIVE,INR,67699.75,BR025,2024-12-08
ACC000219,CUST00183,Salary,DORMANT,INR,362469.51,BR019,2025-06-21
ACC000220,CUST00463,Savings,BLOCKED,INR,153861.44,BR015,2026-02-27
ACC000221,CUST00433,Current,DORMANT,INR,444217.32,BR003,2018-02-08
ACC000222,CUST00363,Salary,ACTIVE,INR,529695.15,BR013,2018-07-04
ACC000223,CUST00151,Current,BLOCKED,INR,279050.42,BR004,2023-12-18
ACC000224,CUST00244,Savings,BLOCKED,INR,186455.03,BR017,2018-01-14
ACC000225,CUST00137,Current,BLOCKED,INR,118202.11,BR025,2023-02-10
ACC000226,CUST00274,Current,BLOCKED,INR,446549.98,BR020,2018-11-19
ACC000227,CUST00360,Current,BLOCKED,INR,916520.67,BR016,2016-12-13
ACC000228,CUST00151,Savings,ACTIVE,INR,136160.55,BR003,2019-06-24
ACC000229,CUST00128,Current,ACTIVE,INR,898729.69,BR015,2025-07-25
ACC000230,CUST00003,Savings,BLOCKED,INR,967577.46,BR011,2018-10-14
ACC000231,CUST00290,Salary,DORMANT,INR,709685.72,BR018,2019-07-19
ACC000232,CUST00107,Salary,DORMANT,INR,891386.02,BR028,2020-01-29
ACC000233,CUST00082,Savings,BLOCKED,INR,709709.01,BR023,2024-03-01
ACC000234,CUST00211,Salary,ACTIVE,INR,793799.54,BR017,2018-08-27
ACC000235,CUST00162,Savings,ACTIVE,INR,985139.98,BR026,2017-05-20
ACC000236,CUST00184,Savings,ACTIVE,INR,790477.87,BR001,2023-12-08
ACC000237,CUST00211,Current,BLOCKED,INR,572491.27,BR015,2025-02-21
ACC000238,CUST00018,Salary,ACTIVE,INR,612142.39,BR003,2019-08-16
ACC000239,CUST00158,Savings,DORMANT,INR,398460.9,BR023,2025-08-23
ACC000240,CUST00435,Salary,DORMANT,INR,525932.81,BR025,2025-01-03
ACC000241,CUST00119,Current,BLOCKED,INR,74213.84,BR011,2019-02-06
ACC000242,CUST00170,Salary,ACTIVE,INR,450249.51,BR022,2026-01-10
ACC000243,CUST00076,Salary,DORMANT,INR,128770.44,BR027,2023-11-01
ACC000244,CUST00153,Salary,BLOCKED,INR,587992.1,BR025,2023-07-07
ACC000245,CUST00463,Savings,DORMANT,INR,503112.35,BR028,2016-11-16
ACC000246,CUST00162,Savings,ACTIVE,INR,518343.08,BR010,2021-10-07
ACC000247,CUST00222,Savings,ACTIVE,INR,322999.42,BR023,2018-09-20
ACC000248,CUST00106,Savings,DORMANT,INR,947509.4,BR017,2024-02-16
ACC000249,CUST00123,Current,ACTIVE,INR,250980.01,BR021,2021-09-22
ACC000250,CUST00100,Salary,DORMANT,INR,125607.71,BR010,2021-05-01
ACC000251,CUST00371,Salary,BLOCKED,INR,93881.69,BR021,2025-08-10
ACC000252,CUST00003,Savings,BLOCKED,INR,941636.18,BR005,2022-03-16
ACC000253,CUST00089,Savings,BLOCKED,INR,624666.95,BR029,2023-01-16
ACC000254,CUST00147,Salary,DORMANT,INR,842608.74,BR019,2026-04-24
ACC000255,CUST00385,Savings,ACTIVE,INR,81682.24,BR021,2019-07-18
ACC000256,CUST00177,Salary,DORMANT,INR,651304.41,BR025,2019-02-16
ACC000257,CUST00073,Salary,DORMANT,INR,618299.37,BR001,2021-08-28
ACC000258,CUST00159,Current,BLOCKED,INR,545804.69,BR021,2025-08-15
ACC000259,CUST00368,Current,DORMANT,INR,245255.47,BR026,2020-03-13
ACC000260,CUST00305,Salary,DORMANT,INR,297785.15,BR003,2023-01-13
ACC000261,CUST00164,Salary,ACTIVE,INR,158501.41,BR014,2025-07-22
ACC000262,CUST00347,Current,DORMANT,INR,204421.0,BR020,2020-12-29
ACC000263,CUST00124,Savings,DORMANT,INR,861554.33,BR011,2024-10-01
ACC000264,CUST00200,Salary,DORMANT,INR,975386.44,BR005,2024-08-05
ACC000265,CUST00465,Current,BLOCKED,INR,561870.39,BR011,2020-04-20
ACC000266,CUST00091,Savings,DORMANT,INR,122960.65,BR015,2022-05-03
ACC000267,CUST00281,Savings,ACTIVE,INR,97263.25,BR010,2019-01-08
ACC000268,CUST00093,Current,BLOCKED,INR,418425.68,BR028,2019-07-07
ACC000269,CUST00303,Savings,DORMANT,INR,933784.66,BR024,2025-08-22
ACC000270,CUST00018,Current,ACTIVE,INR,763239.81,BR016,2024-10-12
ACC000271,CUST00130,Salary,DORMANT,INR,499010.33,BR010,2016-11-20
ACC000272,CUST00049,Current,ACTIVE,INR,90504.07,BR013,2022-02-15
ACC000273,CUST00126,Salary,DORMANT,INR,966703.29,BR007,2023-10-20
ACC000274,CUST00365,Salary,DORMANT,INR,49133.8,BR010,2019-10-08
ACC000275,CUST00035,Current,BLOCKED,INR,882398.31,BR021,2019-04-12
ACC000276,CUST00325,Salary,DORMANT,INR,286105.51,BR001,2024-09-21
ACC000277,CUST00198,Savings,DORMANT,INR,134367.98,BR009,2017-11-10
ACC000278,CUST00416,Salary,DORMANT,INR,763974.84,BR012,2016-10-24
ACC000279,CUST00325,Savings,DORMANT,INR,51632.11,BR018,2022-01-09
ACC000280,CUST00167,Savings,DORMANT,INR,553446.32,BR003,2019-11-30
ACC000281,CUST00001,Current,BLOCKED,INR,450629.2,BR018,2020-02-10
ACC000282,CUST00085,Current,BLOCKED,INR,680558.44,BR004,2018-04-26
ACC000283,CUST00239,Savings,ACTIVE,INR,394206.76,BR026,2025-11-13
ACC000284,CUST00166,Current,BLOCKED,INR,938979.09,BR025,2024-07-09
ACC000285,CUST00242,Savings,ACTIVE,INR,602661.72,BR013,2022-05-08
ACC000286,CUST00401,Salary,ACTIVE,INR,45780.7,BR005,2018-05-01
ACC000287,CUST00016,Salary,DORMANT,INR,804063.87,BR017,2017-10-04
ACC000288,CUST00363,Current,ACTIVE,INR,606457.39,BR017,2024-09-10
ACC000289,CUST00317,Savings,DORMANT,INR,931403.05,BR011,2019-05-20
ACC000290,CUST00245,Savings,DORMANT,INR,990620.43,BR024,2017-11-08
ACC000291,CUST00154,Current,BLOCKED,INR,336705.27,BR027,2022-09-06
ACC000292,CUST00156,Salary,BLOCKED,INR,490101.73,BR019,2026-03-26
ACC000293,CUST00429,Current,DORMANT,INR,815840.96,BR012,2020-07-25
ACC000294,CUST00482,Current,BLOCKED,INR,110049.79,BR014,2022-08-03
ACC000295,CUST00257,Salary,DORMANT,INR,796856.44,BR024,2016-12-16
ACC000296,CUST00311,Salary,BLOCKED,INR,27133.83,BR016,2019-12-31
ACC000297,CUST00480,Current,BLOCKED,INR,783012.54,BR025,2021-05-23
ACC000298,CUST00049,Salary,BLOCKED,INR,227929.45,BR002,2021-07-21
ACC000299,CUST00192,Salary,DORMANT,INR,170926.81,BR021,2023-12-21
ACC000300,CUST00193,Salary,BLOCKED,INR,774718.83,BR013,2026-08-30
ACC000301,CUST00157,Savings,BLOCKED,INR,242575.46,BR019,2021-12-02
ACC000302,CUST00197,Salary,ACTIVE,INR,191188.94,BR015,2022-12-20
ACC000303,CUST00103,Current,DORMANT,INR,151855.54,BR023,2023-07-31
ACC000304,CUST00115,Savings,DORMANT,INR,502068.59,BR020,2021-01-19
ACC000305,CUST00363,Current,BLOCKED,INR,727538.4,BR023,2026-04-07
ACC000306,CUST00464,Savings,BLOCKED,INR,207738.03,BR011,2025-12-03
ACC000307,CUST00056,Salary,DORMANT,INR,525714.41,BR011,2020-03-01
ACC000308,CUST00423,Savings,DORMANT,INR,912168.1,BR011,2018-01-14
ACC000309,CUST00180,Salary,DORMANT,INR,676030.64,BR028,2019-04-25
ACC000310,CUST00306,Salary,BLOCKED,INR,643487.45,BR023,2018-06-21
ACC000311,CUST00312,Current,BLOCKED,INR,484438.01,BR008,2020-05-26
ACC000312,CUST00092,Current,BLOCKED,INR,298849.91,BR010,2021-06-25
ACC000313,CUST00372,Current,BLOCKED,INR,207674.16,BR023,2019-10-03
ACC000314,CUST00268,Current,DORMANT,INR,480063.52,BR018,2021-03-11
ACC000315,CUST00046,Salary,DORMANT,INR,288145.48,BR019,2026-04-23
ACC000316,CUST00162,Salary,BLOCKED,INR,380004.34,BR013,2018-06-17
ACC000317,CUST00500,Current,ACTIVE,INR,290807.43,BR010,2018-11-16
ACC000318,CUST00358,Salary,ACTIVE,INR,346690.33,BR015,2025-08-09
ACC000319,CUST00078,Salary,DORMANT,INR,747464.83,BR007,2026-09-17
ACC000320,CUST00298,Savings,BLOCKED,INR,271497.16,BR018,2023-03-27
ACC000321,CUST00277,Salary,DORMANT,INR,137704.32,BR020,2022-05-03
ACC000322,CUST00149,Salary,BLOCKED,INR,239662.42,BR002,2026-07-07
ACC000323,CUST00181,Salary,BLOCKED,INR,226058.81,BR008,2021-06-08
ACC000324,CUST00141,Savings,ACTIVE,INR,413594.72,BR023,2024-10-09
ACC000325,CUST00434,Current,ACTIVE,INR,681351.39,BR005,2020-04-12
ACC000326,CUST00443,Savings,BLOCKED,INR,977921.76,BR006,2019-07-31
ACC000327,CUST00193,Current,BLOCKED,INR,935064.58,BR029,2016-10-06
ACC000328,CUST00321,Current,DORMANT,INR,650713.42,BR025,2020-08-30
ACC000329,CUST00443,Current,DORMANT,INR,285772.63,BR002,2020-05-26
ACC000330,CUST00024,Savings,BLOCKED,INR,574346.29,BR018,2018-04-10
ACC000331,CUST00073,Salary,BLOCKED,INR,850407.94,BR002,2019-03-19
ACC000332,CUST00274,Savings,DORMANT,INR,882303.85,BR006,2019-02-27
ACC000333,CUST00069,Savings,DORMANT,INR,788066.65,BR006,2019-07-11
ACC000334,CUST00005,Salary,DORMANT,INR,876804.8,BR001,2024-10-22
ACC000335,CUST00348,Current,BLOCKED,INR,602981.57,BR030,2016-09-21
ACC000336,CUST00383,Current,DORMANT,INR,454621.9,BR021,2022-03-22
ACC000337,CUST00244,Salary,BLOCKED,INR,494165.46,BR005,2018-01-16
ACC000338,CUST00320,Salary,DORMANT,INR,273200.66,BR026,2017-08-10
ACC000339,CUST00276,Savings,DORMANT,INR,162913.02,BR015,2019-01-19
ACC000340,CUST00102,Salary,DORMANT,INR,718738.87,BR001,2025-06-04
ACC000341,CUST00490,Salary,DORMANT,INR,790872.28,BR019,2024-03-14
ACC000342,CUST00184,Salary,ACTIVE,INR,175907.17,BR028,2023-12-16
ACC000343,CUST00434,Salary,DORMANT,INR,827076.33,BR017,2024-09-28
ACC000344,CUST00413,Current,ACTIVE,INR,401132.83,BR004,2022-04-14
ACC000345,CUST00092,Savings,ACTIVE,INR,477715.37,BR030,2021-11-13
ACC000346,CUST00075,Savings,ACTIVE,INR,261154.88,BR008,2025-03-26
ACC000347,CUST00029,Current,DORMANT,INR,954057.81,BR010,2018-09-18
ACC000348,CUST00130,Salary,BLOCKED,INR,573090.91,BR009,2020-10-25
ACC000349,CUST00098,Salary,DORMANT,INR,692922.21,BR002,2026-04-01
ACC000350,CUST00303,Salary,ACTIVE,INR,465662.29,BR006,2023-05-30
ACC000351,CUST00362,Current,BLOCKED,INR,502769.21,BR029,2023-02-20
ACC000352,CUST00031,Salary,DORMANT,INR,690445.23,BR021,2023-04-12
ACC000353,CUST00095,Current,DORMANT,INR,614818.14,BR008,2024-10-16
ACC000354,CUST00099,Savings,DORMANT,INR,153608.97,BR024,2022-10-04
ACC000355,CUST00310,Salary,DORMANT,INR,416137.69,BR018,2022-01-09
ACC000356,CUST00103,Current,BLOCKED,INR,802093.99,BR027,2025-08-07
ACC000357,CUST00389,Savings,ACTIVE,INR,680501.75,BR020,2022-02-10
ACC000358,CUST00091,Savings,BLOCKED,INR,447024.6,BR023,2025-09-30
ACC000359,CUST00216,Current,ACTIVE,INR,917286.08,BR004,2018-01-18
ACC000360,CUST00242,Savings,BLOCKED,INR,902936.72,BR007,2020-05-11
ACC000361,CUST00330,Salary,BLOCKED,INR,150277.46,BR011,2019-07-19
ACC000362,CUST00450,Salary,DORMANT,INR,116681.9,BR007,2021-06-11
ACC000363,CUST00141,Salary,BLOCKED,INR,489083.55,BR029,2019-02-24
ACC000364,CUST00491,Salary,DORMANT,INR,808787.74,BR015,2024-02-27
ACC000365,CUST00312,Savings,BLOCKED,INR,415716.86,BR019,2026-04-03
ACC000366,CUST00371,Savings,BLOCKED,INR,462647.12,BR026,2024-03-26
ACC000367,CUST00496,Current,BLOCKED,INR,22259.57,BR009,2025-01-21
ACC000368,CUST00107,Savings,BLOCKED,INR,218292.36,BR003,2020-12-24
ACC000369,CUST00299,Savings,DORMANT,INR,344856.6,BR003,2018-10-07
ACC000370,CUST00207,Salary,ACTIVE,INR,934615.51,BR003,2026-03-18
ACC000371,CUST00335,Current,ACTIVE,INR,287447.16,BR006,2024-02-16
ACC000372,CUST00011,Savings,BLOCKED,INR,978344.12,BR021,2022-08-23
ACC000373,CUST00171,Current,DORMANT,INR,992860.17,BR013,2019-10-01
ACC000374,CUST00220,Current,DORMANT,INR,375957.71,BR022,2017-02-24
ACC000375,CUST00097,Salary,BLOCKED,INR,133423.31,BR028,2022-12-10
ACC000376,CUST00199,Current,ACTIVE,INR,178884.39,BR018,2024-08-25
ACC000377,CUST00403,Current,BLOCKED,INR,127783.41,BR008,2022-08-09
ACC000378,CUST00116,Savings,ACTIVE,INR,978501.44,BR015,2023-12-08
ACC000379,CUST00349,Salary,BLOCKED,INR,544673.12,BR018,2020-05-10
ACC000380,CUST00407,Current,ACTIVE,INR,247888.28,BR012,2026-03-30
ACC000381,CUST00315,Savings,DORMANT,INR,188886.21,BR029,2019-12-20
ACC000382,CUST00301,Salary,ACTIVE,INR,32701.21,BR022,2023-03-24
ACC000383,CUST00201,Current,BLOCKED,INR,766170.44,BR029,2023-02-01
ACC000384,CUST00209,Savings,ACTIVE,INR,206478.58,BR004,2019-10-07
ACC000385,CUST00432,Salary,ACTIVE,INR,446717.85,BR022,2016-11-25
ACC000386,CUST00477,Salary,ACTIVE,INR,245111.78,BR002,2020-01-19
ACC000387,CUST00231,Current,DORMANT,INR,234722.11,BR007,2024-03-28
ACC000388,CUST00099,Savings,ACTIVE,INR,504143.9,BR010,2022-11-11
ACC000389,CUST00049,Savings,BLOCKED,INR,576322.28,BR019,2025-09-01
ACC000390,CUST00041,Salary,BLOCKED,INR,818473.3,BR008,2020-01-13
ACC000391,CUST00273,Current,ACTIVE,INR,985702.71,BR017,2016-10-24
ACC000392,CUST00011,Savings,DORMANT,INR,300850.7,BR002,2026-09-10
ACC000393,CUST00472,Salary,BLOCKED,INR,879774.03,BR030,2021-12-31
ACC000394,CUST00457,Savings,BLOCKED,INR,678910.75,BR018,2022-04-22
ACC000395,CUST00203,Current,ACTIVE,INR,972304.09,BR021,2018-04-27
ACC000396,CUST00291,Salary,DORMANT,INR,785911.69,BR011,2022-12-30
ACC000397,CUST00060,Salary,DORMANT,INR,408555.05,BR010,2021-01-13
ACC000398,CUST00194,Current,ACTIVE,INR,754538.89,BR016,2025-04-10
ACC000399,CUST00341,Savings,ACTIVE,INR,301086.05,BR023,2016-12-09
ACC000400,CUST00033,Savings,DORMANT,INR,914783.8,BR018,2021-05-13
ACC000401,CUST00255,Current,DORMANT,INR,557508.11,BR005,2017-04-16
ACC000402,CUST00489,Current,ACTIVE,INR,255368.15,BR011,2021-05-25
ACC000403,CUST00194,Salary,ACTIVE,INR,922264.99,BR028,2024-11-11
ACC000404,CUST00084,Current,ACTIVE,INR,535867.72,BR027,2023-06-30
ACC000405,CUST00044,Savings,ACTIVE,INR,268827.36,BR022,2017-06-19
ACC000406,CUST00452,Salary,BLOCKED,INR,40027.78,BR003,2021-01-09
ACC000407,CUST00367,Savings,BLOCKED,INR,724443.09,BR018,2021-05-20
ACC000408,CUST00472,Savings,DORMANT,INR,209284.64,BR030,2017-09-10
ACC000409,CUST00119,Current,DORMANT,INR,957041.25,BR001,2026-06-15
ACC000410,CUST00213,Savings,ACTIVE,INR,962096.52,BR004,2017-03-28
ACC000411,CUST00008,Salary,DORMANT,INR,914484.08,BR023,2024-09-23
ACC000412,CUST00049,Salary,BLOCKED,INR,204910.89,BR030,2024-06-14
ACC000413,CUST00440,Savings,BLOCKED,INR,321954.2,BR010,2025-01-22
ACC000414,CUST00190,Current,DORMANT,INR,533883.3,BR012,2019-09-04
ACC000415,CUST00437,Current,DORMANT,INR,359964.8,BR029,2024-10-09
ACC000416,CUST00331,Current,DORMANT,INR,99058.93,BR024,2026-01-01
ACC000417,CUST00089,Current,DORMANT,INR,914373.33,BR012,2018-06-27
ACC000418,CUST00375,Current,DORMANT,INR,46192.59,BR028,2017-05-15
ACC000419,CUST00315,Savings,BLOCKED,INR,146349.75,BR009,2023-01-03
ACC000420,CUST00497,Salary,BLOCKED,INR,579353.35,BR014,2017-03-18
ACC000421,CUST00289,Current,ACTIVE,INR,196593.69,BR008,2019-04-29
ACC000422,CUST00456,Current,BLOCKED,INR,833446.03,BR016,2019-09-24
ACC000423,CUST00252,Salary,BLOCKED,INR,943492.81,BR011,2018-12-17
ACC000424,CUST00017,Current,DORMANT,INR,966525.01,BR021,2018-02-16
ACC000425,CUST00354,Salary,DORMANT,INR,461098.58,BR024,2023-11-10
ACC000426,CUST00457,Current,ACTIVE,INR,140388.55,BR018,2018-10-02
ACC000427,CUST00366,Current,ACTIVE,INR,916940.94,BR018,2017-09-03
ACC000428,CUST00222,Salary,ACTIVE,INR,524182.44,BR027,2024-04-06
ACC000429,CUST00329,Savings,BLOCKED,INR,48990.14,BR001,2017-10-12
ACC000430,CUST00493,Current,ACTIVE,INR,842623.44,BR008,2022-01-24
ACC000431,CUST00155,Savings,BLOCKED,INR,151454.13,BR007,2018-05-18
ACC000432,CUST00319,Salary,DORMANT,INR,373514.09,BR020,2025-12-22
ACC000433,CUST00072,Salary,BLOCKED,INR,933936.77,BR030,2021-06-10
ACC000434,CUST00139,Current,BLOCKED,INR,488110.46,BR001,2020-01-09
ACC000435,CUST00129,Salary,BLOCKED,INR,411632.84,BR001,2017-01-01
ACC000436,CUST00343,Salary,BLOCKED,INR,275103.37,BR010,2022-05-19
ACC000437,CUST00308,Savings,BLOCKED,INR,813250.64,BR022,2022-02-07
ACC000438,CUST00281,Current,ACTIVE,INR,107462.92,BR004,2019-08-07
ACC000439,CUST00101,Salary,ACTIVE,INR,241348.35,BR020,2026-09-14
ACC000440,CUST00496,Salary,DORMANT,INR,815306.78,BR009,2022-12-13
ACC000441,CUST00401,Current,ACTIVE,INR,373365.06,BR013,2025-07-03
ACC000442,CUST00021,Current,BLOCKED,INR,243586.29,BR023,2016-12-17
ACC000443,CUST00149,Savings,DORMANT,INR,684199.6,BR028,2023-07-31
ACC000444,CUST00249,Savings,BLOCKED,INR,991678.87,BR021,2023-10-21
ACC000445,CUST00293,Savings,ACTIVE,INR,405575.66,BR013,2017-10-07
ACC000446,CUST00055,Salary,DORMANT,INR,56586.88,BR001,2017-10-28
ACC000447,CUST00421,Salary,ACTIVE,INR,83144.78,BR028,2020-01-01
ACC000448,CUST00347,Current,BLOCKED,INR,784484.12,BR019,2025-04-02
ACC000449,CUST00231,Savings,BLOCKED,INR,919192.64,BR008,2019-03-25
ACC000450,CUST00455,Savings,BLOCKED,INR,887610.53,BR016,2021-04-03
ACC000451,CUST00367,Current,ACTIVE,INR,924197.19,BR022,2018-02-23
ACC000452,CUST00477,Current,BLOCKED,INR,563728.11,BR002,2019-08-28
ACC000453,CUST00430,Savings,DORMANT,INR,16150.27,BR007,2024-04-06
ACC000454,CUST00200,Salary,ACTIVE,INR,752378.34,BR023,2017-06-23
ACC000455,CUST00056,Current,ACTIVE,INR,299627.25,BR019,2021-05-29
ACC000456,CUST00400,Savings,BLOCKED,INR,834733.23,BR013,2020-02-06
ACC000457,CUST00066,Salary,BLOCKED,INR,332063.97,BR025,2025-04-26
ACC000458,CUST00130,Salary,ACTIVE,INR,790602.84,BR023,2023-09-07
ACC000459,CUST00436,Salary,ACTIVE,INR,501042.46,BR012,2019-08-30
ACC000460,CUST00105,Savings,ACTIVE,INR,437369.71,BR027,2016-10-10
ACC000461,CUST00044,Savings,DORMANT,INR,605366.16,BR020,2022-01-05
ACC000462,CUST00296,Salary,DORMANT,INR,968936.07,BR011,2021-05-18
ACC000463,CUST00407,Savings,BLOCKED,INR,273690.37,BR015,2026-04-04
ACC000464,CUST00385,Current,ACTIVE,INR,356133.29,BR013,2022-09-08
ACC000465,CUST00284,Current,ACTIVE,INR,679855.01,BR022,2018-09-21
ACC000466,CUST00347,Current,ACTIVE,INR,772281.32,BR010,2022-07-12
ACC000467,CUST00023,Savings,BLOCKED,INR,73969.93,BR009,2024-08-26
ACC000468,CUST00137,Savings,DORMANT,INR,711821.32,BR021,2026-05-21
ACC000469,CUST00181,Savings,BLOCKED,INR,389927.16,BR012,2018-03-08
ACC000470,CUST00296,Savings,ACTIVE,INR,5692.62,BR010,2026-05-09
ACC000471,CUST00242,Current,DORMANT,INR,761465.82,BR004,2024-08-06
ACC000472,CUST00433,Savings,ACTIVE,INR,187798.09,BR015,2018-03-21
ACC000473,CUST00443,Salary,BLOCKED,INR,512684.63,BR004,2018-09-12
ACC000474,CUST00100,Savings,ACTIVE,INR,354237.33,BR003,2018-04-05
ACC000475,CUST00151,Salary,BLOCKED,INR,784546.5,BR028,2019-10-29
ACC000476,CUST00306,Current,ACTIVE,INR,292201.43,BR013,2018-03-10
ACC000477,CUST00358,Savings,BLOCKED,INR,901185.48,BR029,2019-11-17
ACC000478,CUST00001,Savings,BLOCKED,INR,521343.98,BR022,2022-02-13
ACC000479,CUST00472,Current,ACTIVE,INR,139270.64,BR010,2017-01-22
ACC000480,CUST00288,Current,DORMANT,INR,146361.85,BR006,2019-08-08
ACC000481,CUST00435,Current,DORMANT,INR,421391.79,BR016,2016-11-23
ACC000482,CUST00318,Savings,DORMANT,INR,252073.89,BR008,2020-06-02
ACC000483,CUST00176,Salary,BLOCKED,INR,496054.54,BR020,2023-02-03
ACC000484,CUST00126,Savings,DORMANT,INR,107418.88,BR010,2024-07-20
ACC000485,CUST00196,Savings,DORMANT,INR,332551.11,BR020,2018-02-07
ACC000486,CUST00226,Current,DORMANT,INR,440502.81,BR014,2020-12-01
ACC000487,CUST00083,Salary,BLOCKED,INR,136556.41,BR011,2021-12-15
ACC000488,CUST00398,Salary,BLOCKED,INR,201251.06,BR011,2019-12-21
ACC000489,CUST00337,Savings,DORMANT,INR,968740.86,BR010,2018-12-23
ACC000490,CUST00110,Salary,BLOCKED,INR,633086.01,BR019,2022-01-01
ACC000491,CUST00096,Savings,DORMANT,INR,376367.27,BR027,2017-08-17
ACC000492,CUST00313,Current,DORMANT,INR,114330.88,BR019,2023-03-04
ACC000493,CUST00054,Savings,BLOCKED,INR,997266.29,BR006,2021-08-08
ACC000494,CUST00066,Salary,BLOCKED,INR,27402.65,BR024,2019-10-01
ACC000495,CUST00141,Current,BLOCKED,INR,210043.57,BR026,2021-06-19
ACC000496,CUST00144,Current,BLOCKED,INR,69624.09,BR028,2019-02-09
ACC000497,CUST00276,Current,BLOCKED,INR,499553.56,BR021,2026-05-02
ACC000498,CUST00448,Current,ACTIVE,INR,253055.34,BR005,2022-02-01
ACC000499,CUST00154,Salary,DORMANT,INR,789182.22,BR003,2023-10-06
ACC000500,CUST00014,Current,BLOCKED,INR,479495.08,BR013,2020-07-25
ACC000501,CUST00115,Salary,BLOCKED,INR,923534.01,BR028,2019-12-03
ACC000502,CUST00322,Salary,DORMANT,INR,543873.38,BR026,2021-05-12
ACC000503,CUST00120,Current,BLOCKED,INR,895553.76,BR018,2020-02-09
ACC000504,CUST00378,Salary,BLOCKED,INR,914444.05,BR004,2019-09-25
ACC000505,CUST00372,Savings,BLOCKED,INR,664861.54,BR006,2021-09-26
ACC000506,CUST00062,Salary,BLOCKED,INR,44774.55,BR021,2021-02-17
ACC000507,CUST00118,Salary,BLOCKED,INR,399917.94,BR025,2024-03-13
ACC000508,CUST00350,Current,DORMANT,INR,106391.58,BR004,2021-03-21
ACC000509,CUST00097,Current,ACTIVE,INR,510920.9,BR017,2018-04-17
ACC000510,CUST00219,Salary,BLOCKED,INR,687820.58,BR008,2025-01-20
ACC000511,CUST00083,Current,DORMANT,INR,391438.6,BR025,2022-10-05
ACC000512,CUST00269,Salary,BLOCKED,INR,690592.09,BR005,2026-07-25
ACC000513,CUST00189,Current,ACTIVE,INR,483029.7,BR010,2022-11-27
ACC000514,CUST00280,Current,ACTIVE,INR,116511.3,BR024,2022-08-27
ACC000515,CUST00215,Savings,DORMANT,INR,312234.4,BR015,2025-08-14
ACC000516,CUST00221,Savings,BLOCKED,INR,483184.54,BR016,2024-05-15
ACC000517,CUST00237,Savings,DORMANT,INR,722132.95,BR015,2019-08-15
ACC000518,CUST00458,Current,ACTIVE,INR,300613.95,BR026,2017-05-06
ACC000519,CUST00172,Salary,ACTIVE,INR,23073.82,BR011,2026-09-04
ACC000520,CUST00299,Salary,ACTIVE,INR,677300.76,BR006,2023-04-13
ACC000521,CUST00442,Salary,ACTIVE,INR,516235.9,BR018,2019-05-15
ACC000522,CUST00212,Savings,DORMANT,INR,560069.03,BR015,2025-11-14
ACC000523,CUST00456,Savings,DORMANT,INR,629945.44,BR006,2026-05-24
ACC000524,CUST00116,Salary,BLOCKED,INR,432418.39,BR001,2020-04-21
ACC000525,CUST00316,Salary,BLOCKED,INR,883155.83,BR015,2024-02-06
ACC000526,CUST00358,Salary,DORMANT,INR,389141.36,BR023,2022-08-15
ACC000527,CUST00437,Savings,ACTIVE,INR,278705.66,BR023,2021-08-18
ACC000528,CUST00361,Savings,BLOCKED,INR,102201.17,BR028,2020-04-01
ACC000529,CUST00293,Salary,ACTIVE,INR,366110.13,BR007,2022-07-17
ACC000530,CUST00324,Current,ACTIVE,INR,262722.22,BR028,2025-04-16
ACC000531,CUST00046,Current,BLOCKED,INR,965933.44,BR011,2026-02-07
ACC000532,CUST00145,Salary,DORMANT,INR,611502.77,BR019,2021-04-18
ACC000533,CUST00484,Savings,DORMANT,INR,352308.93,BR015,2018-04-06
ACC000534,CUST00456,Salary,ACTIVE,INR,813831.39,BR023,2025-06-14
ACC000535,CUST00108,Current,BLOCKED,INR,590373.28,BR022,2020-04-21
ACC000536,CUST00403,Savings,DORMANT,INR,118302.72,BR010,2021-02-10
ACC000537,CUST00029,Savings,ACTIVE,INR,373619.42,BR005,2020-06-07
ACC000538,CUST00342,Salary,DORMANT,INR,418529.99,BR005,2024-09-04
ACC000539,CUST00088,Salary,DORMANT,INR,423327.26,BR016,2021-02-26
ACC000540,CUST00055,Salary,BLOCKED,INR,693586.21,BR021,2017-04-03
ACC000541,CUST00499,Savings,BLOCKED,INR,167282.09,BR010,2018-09-06
ACC000542,CUST00237,Savings,ACTIVE,INR,314922.72,BR015,2025-07-07
ACC000543,CUST00493,Salary,ACTIVE,INR,865589.47,BR001,2019-11-22
ACC000544,CUST00405,Current,ACTIVE,INR,195530.93,BR013,2024-10-20
ACC000545,CUST00140,Salary,BLOCKED,INR,653243.23,BR014,2019-02-05
ACC000546,CUST00268,Salary,DORMANT,INR,415922.62,BR027,2024-09-01
ACC000547,CUST00064,Current,DORMANT,INR,167669.86,BR019,2026-09-14
ACC000548,CUST00102,Savings,ACTIVE,INR,292443.86,BR009,2022-03-19
ACC000549,CUST00389,Savings,BLOCKED,INR,289025.97,BR025,2023-01-20
ACC000550,CUST00217,Current,BLOCKED,INR,742646.99,BR025,2026-04-24
ACC000551,CUST00026,Current,BLOCKED,INR,511050.58,BR019,2023-02-24
ACC000552,CUST00182,Savings,DORMANT,INR,775225.47,BR027,2017-04-18
ACC000553,CUST00298,Current,BLOCKED,INR,822699.62,BR002,2022-03-16
ACC000554,CUST00029,Salary,DORMANT,INR,546580.1,BR014,2018-07-02
ACC000555,CUST00176,Savings,BLOCKED,INR,830155.68,BR025,2022-10-29
ACC000556,CUST00351,Savings,DORMANT,INR,874872.44,BR002,2016-11-08
ACC000557,CUST00321,Current,DORMANT,INR,348902.69,BR027,2019-06-03
ACC000558,CUST00078,Savings,DORMANT,INR,865357.83,BR004,2023-11-21
ACC000559,CUST00349,Savings,ACTIVE,INR,810797.37,BR019,2024-10-22
ACC000560,CUST00406,Salary,DORMANT,INR,861118.17,BR020,2022-05-31
ACC000561,CUST00315,Salary,DORMANT,INR,166398.63,BR005,2022-06-13
ACC000562,CUST00087,Savings,ACTIVE,INR,805537.77,BR019,2018-06-04
ACC000563,CUST00478,Current,BLOCKED,INR,281444.48,BR018,2019-11-26
ACC000564,CUST00427,Savings,DORMANT,INR,979010.66,BR010,2022-10-23
ACC000565,CUST00229,Current,BLOCKED,INR,267709.39,BR028,2021-12-06
ACC000566,CUST00196,Salary,BLOCKED,INR,815273.32,BR005,2019-06-28
ACC000567,CUST00221,Current,ACTIVE,INR,992489.98,BR028,2024-08-29
ACC000568,CUST00334,Salary,ACTIVE,INR,701575.81,BR005,2026-01-08
ACC000569,CUST00400,Savings,ACTIVE,INR,711539.15,BR027,2019-11-20
ACC000570,CUST00056,Savings,BLOCKED,INR,393004.4,BR005,2017-02-02
ACC000571,CUST00268,Salary,BLOCKED,INR,269082.79,BR014,2024-03-09
ACC000572,CUST00367,Current,DORMANT,INR,75978.52,BR026,2024-06-26
ACC000573,CUST00299,Savings,DORMANT,INR,515855.67,BR009,2026-07-08
ACC000574,CUST00117,Salary,DORMANT,INR,454968.3,BR016,2024-02-13
ACC000575,CUST00374,Current,BLOCKED,INR,2971.85,BR025,2023-07-07
ACC000576,CUST00483,Salary,ACTIVE,INR,731066.47,BR015,2024-10-10
ACC000577,CUST00362,Salary,BLOCKED,INR,697440.33,BR028,2020-11-11
ACC000578,CUST00340,Savings,BLOCKED,INR,398017.01,BR014,2021-01-06
ACC000579,CUST00448,Savings,DORMANT,INR,268902.57,BR027,2023-01-26
ACC000580,CUST00464,Current,DORMANT,INR,547536.88,BR005,2022-06-20
ACC000581,CUST00058,Salary,DORMANT,INR,788409.5,BR029,2024-12-05
ACC000582,CUST00066,Salary,ACTIVE,INR,46419.95,BR021,2023-07-18
ACC000583,CUST00277,Current,ACTIVE,INR,124675.06,BR028,2021-10-29
ACC000584,CUST00255,Savings,DORMANT,INR,456789.88,BR014,2017-05-27
ACC000585,CUST00441,Savings,BLOCKED,INR,909452.51,BR029,2020-09-14
ACC000586,CUST00425,Salary,DORMANT,INR,159397.97,BR030,2025-05-06
ACC000587,CUST00347,Current,ACTIVE,INR,654760.67,BR009,2018-07-22
ACC000588,CUST00346,Savings,DORMANT,INR,664676.56,BR021,2023-11-18
ACC000589,CUST00339,Savings,ACTIVE,INR,396643.4,BR010,2023-12-19
ACC000590,CUST00471,Salary,BLOCKED,INR,755354.54,BR014,2021-04-20
ACC000591,CUST00260,Salary,ACTIVE,INR,703846.19,BR001,2026-07-18
ACC000592,CUST00043,Savings,DORMANT,INR,78399.75,BR019,2023-07-16
ACC000593,CUST00032,Savings,BLOCKED,INR,680142.73,BR001,2017-03-16
ACC000594,CUST00475,Savings,BLOCKED,INR,343902.36,BR004,2019-07-06
ACC000595,CUST00259,Current,BLOCKED,INR,132609.06,BR003,2025-06-07
ACC000596,CUST00410,Savings,DORMANT,INR,89786.42,BR026,2019-07-20
ACC000597,CUST00108,Savings,ACTIVE,INR,313694.8,BR029,2021-10-31
ACC000598,CUST00374,Current,ACTIVE,INR,383029.69,BR027,2025-08-20
ACC000599,CUST00154,Savings,BLOCKED,INR,992943.69,BR005,2020-02-05
ACC000600,CUST00323,Savings,BLOCKED,INR,563509.57,BR020,2026-05-20
ACC000601,CUST00316,Salary,ACTIVE,INR,440379.37,BR024,2019-02-04
ACC000602,CUST00414,Savings,BLOCKED,INR,748394.7,BR030,2018-12-06
ACC000603,CUST00062,Current,BLOCKED,INR,686722.89,BR028,2022-05-22
ACC000604,CUST00157,Savings,ACTIVE,INR,896644.65,BR005,2017-08-20
ACC000605,CUST00358,Savings,BLOCKED,INR,730144.14,BR012,2018-04-04
ACC000606,CUST00214,Current,DORMANT,INR,791181.12,BR008,2021-12-24
ACC000607,CUST00099,Current,BLOCKED,INR,84706.59,BR018,2019-02-16
ACC000608,CUST00180,Salary,BLOCKED,INR,721319.05,BR010,2022-08-10
ACC000609,CUST00019,Salary,ACTIVE,INR,847968.16,BR022,2024-07-10
ACC000610,CUST00235,Current,ACTIVE,INR,517990.25,BR017,2023-06-16
ACC000611,CUST00238,Savings,BLOCKED,INR,392055.14,BR021,2019-07-14
ACC000612,CUST00221,Savings,ACTIVE,INR,495140.28,BR004,2024-07-21
ACC000613,CUST00321,Savings,DORMANT,INR,638263.29,BR003,2016-09-25
ACC000614,CUST00463,Salary,ACTIVE,INR,986889.09,BR030,2019-03-25
ACC000615,CUST00205,Current,ACTIVE,INR,387144.83,BR027,2020-02-17
ACC000616,CUST00263,Salary,DORMANT,INR,365729.76,BR022,2019-08-25
ACC000617,CUST00053,Savings,DORMANT,INR,954475.76,BR025,2021-11-05
ACC000618,CUST00275,Savings,ACTIVE,INR,587569.82,BR001,2021-12-13
ACC000619,CUST00101,Current,ACTIVE,INR,40306.95,BR002,2018-02-01
ACC000620,CUST00174,Current,BLOCKED,INR,286844.56,BR023,2019-11-11
ACC000621,CUST00359,Salary,DORMANT,INR,423863.45,BR013,2020-09-26
ACC000622,CUST00062,Savings,BLOCKED,INR,536796.53,BR020,2020-03-06
ACC000623,CUST00432,Savings,DORMANT,INR,84055.28,BR003,2024-02-23
ACC000624,CUST00298,Salary,ACTIVE,INR,974326.23,BR005,2018-04-03
ACC000625,CUST00116,Salary,DORMANT,INR,391036.14,BR021,2020-11-18
ACC000626,CUST00453,Salary,BLOCKED,INR,643332.99,BR010,2019-05-05
ACC000627,CUST00371,Salary,DORMANT,INR,730093.4,BR028,2026-03-02
ACC000628,CUST00003,Savings,ACTIVE,INR,244857.51,BR030,2023-02-01
ACC000629,CUST00069,Current,ACTIVE,INR,453645.16,BR020,2016-10-20
ACC000630,CUST00165,Savings,DORMANT,INR,666246.54,BR022,2024-11-03
ACC000631,CUST00424,Salary,ACTIVE,INR,119883.29,BR023,2019-06-07
ACC000632,CUST00114,Savings,BLOCKED,INR,11844.93,BR016,2022-08-01
ACC000633,CUST00359,Current,BLOCKED,INR,517464.23,BR027,2018-06-02
ACC000634,CUST00418,Salary,DORMANT,INR,167379.47,BR005,2024-09-23
ACC000635,CUST00135,Salary,DORMANT,INR,733069.37,BR004,2026-01-27
ACC000636,CUST00307,Savings,DORMANT,INR,807204.29,BR009,2023-06-04
ACC000637,CUST00369,Salary,ACTIVE,INR,263318.18,BR019,2020-05-02
ACC000638,CUST00269,Salary,ACTIVE,INR,496399.5,BR017,2024-10-02
ACC000639,CUST00475,Current,ACTIVE,INR,499860.2,BR019,2023-02-14
ACC000640,CUST00046,Savings,DORMANT,INR,157731.33,BR025,2024-08-08
ACC000641,CUST00459,Savings,BLOCKED,INR,674283.37,BR004,2020-11-06
ACC000642,CUST00037,Savings,BLOCKED,INR,509070.47,BR002,2018-05-08
ACC000643,CUST00284,Savings,ACTIVE,INR,46458.54,BR012,2023-04-25
ACC000644,CUST00019,Current,ACTIVE,INR,179371.45,BR028,2018-11-27
ACC000645,CUST00329,Savings,BLOCKED,INR,803213.93,BR023,2022-02-19
ACC000646,CUST00200,Salary,BLOCKED,INR,419659.62,BR011,2018-12-28
ACC000647,CUST00076,Savings,DORMANT,INR,915896.84,BR011,2023-07-10
ACC000648,CUST00455,Current,ACTIVE,INR,571750.19,BR004,2022-04-14
ACC000649,CUST00141,Salary,BLOCKED,INR,901990.04,BR006,2021-07-15
ACC000650,CUST00122,Savings,BLOCKED,INR,981423.16,BR013,2023-12-11
ACC000651,CUST00164,Savings,DORMANT,INR,866099.21,BR025,2023-06-03
ACC000652,CUST00420,Current,DORMANT,INR,86842.33,BR015,2025-10-21
ACC000653,CUST00203,Savings,DORMANT,INR,201070.82,BR019,2017-12-09
ACC000654,CUST00343,Current,BLOCKED,INR,622906.17,BR015,2022-08-15
ACC000655,CUST00377,Current,BLOCKED,INR,971871.82,BR025,2025-01-10
ACC000656,CUST00152,Savings,BLOCKED,INR,900493.08,BR025,2026-09-11
ACC000657,CUST00063,Savings,ACTIVE,INR,6874.69,BR014,2017-03-06
ACC000658,CUST00410,Savings,ACTIVE,INR,541774.43,BR021,2020-06-28
ACC000659,CUST00241,Salary,ACTIVE,INR,951014.77,BR001,2019-10-02
ACC000660,CUST00188,Salary,DORMANT,INR,849081.48,BR024,2020-09-20
ACC000661,CUST00304,Current,ACTIVE,INR,205591.78,BR008,2022-12-31
ACC000662,CUST00063,Current,DORMANT,INR,961204.47,BR005,2022-11-19
ACC000663,CUST00429,Salary,DORMANT,INR,93480.13,BR030,2022-07-02
ACC000664,CUST00055,Savings,BLOCKED,INR,413350.28,BR029,2025-04-01
ACC000665,CUST00307,Current,DORMANT,INR,974567.51,BR003,2016-09-29
ACC000666,CUST00414,Salary,ACTIVE,INR,505675.05,BR021,2023-06-30
ACC000667,CUST00119,Current,ACTIVE,INR,592099.82,BR002,2018-01-13
ACC000668,CUST00156,Current,BLOCKED,INR,964236.17,BR008,2020-08-19
ACC000669,CUST00484,Current,DORMANT,INR,850988.25,BR030,2019-01-25
ACC000670,CUST00388,Current,BLOCKED,INR,831983.88,BR011,2025-03-23
ACC000671,CUST00272,Current,DORMANT,INR,272319.89,BR003,2019-12-02
ACC000672,CUST00434,Savings,ACTIVE,INR,780047.01,BR019,2017-06-21
ACC000673,CUST00195,Savings,ACTIVE,INR,106104.92,BR015,2020-04-24
ACC000674,CUST00343,Current,DORMANT,INR,406809.3,BR018,2021-11-09
ACC000675,CUST00208,Current,ACTIVE,INR,452191.12,BR015,2024-02-16
ACC000676,CUST00493,Current,ACTIVE,INR,90875.68,BR026,2018-04-19
ACC000677,CUST00351,Salary,DORMANT,INR,826473.49,BR023,2022-07-01
ACC000678,CUST00229,Salary,ACTIVE,INR,215413.28,BR028,2023-04-03
ACC000679,CUST00397,Current,ACTIVE,INR,91667.3,BR008,2019-10-12
ACC000680,CUST00131,Current,DORMANT,INR,513702.95,BR022,2023-12-18
ACC000681,CUST00347,Current,DORMANT,INR,820179.57,BR006,2019-04-14
ACC000682,CUST00119,Savings,DORMANT,INR,854674.0,BR018,2021-07-26
ACC000683,CUST00410,Salary,BLOCKED,INR,250227.7,BR015,2022-01-05
ACC000684,CUST00086,Savings,ACTIVE,INR,121892.53,BR002,2023-04-20
ACC000685,CUST00393,Savings,ACTIVE,INR,198533.97,BR013,2024-11-23
ACC000686,CUST00121,Current,BLOCKED,INR,630482.4,BR021,2017-04-24
ACC000687,CUST00011,Savings,BLOCKED,INR,586325.69,BR030,2021-02-27
ACC000688,CUST00191,Savings,ACTIVE,INR,997162.85,BR007,2023-11-23
ACC000689,CUST00185,Salary,DORMANT,INR,809394.02,BR003,2019-10-10
ACC000690,CUST00488,Current,ACTIVE,INR,43174.97,BR015,2019-07-03
ACC000691,CUST00038,Savings,ACTIVE,INR,924169.66,BR014,2023-06-30
ACC000692,CUST00049,Salary,DORMANT,INR,496378.33,BR013,2025-07-09
ACC000693,CUST00455,Salary,DORMANT,INR,173220.81,BR007,2018-07-13
ACC000694,CUST00376,Savings,DORMANT,INR,280214.63,BR029,2024-08-17
ACC000695,CUST00492,Savings,ACTIVE,INR,614299.52,BR020,2018-02-15
ACC000696,CUST00177,Savings,BLOCKED,INR,295457.61,BR014,2022-08-11
ACC000697,CUST00296,Salary,DORMANT,INR,61448.58,BR009,2018-06-12
ACC000698,CUST00446,Current,ACTIVE,INR,419525.2,BR021,2023-08-08
ACC000699,CUST00392,Salary,ACTIVE,INR,630939.01,BR026,2016-12-04
ACC000700,CUST00120,Salary,ACTIVE,INR,989408.91,BR026,2019-06-16
