risk_event_id,subject_id,subject_type,transaction_ref,risk_type,risk_score,risk_level,investigation_status
RISK00001,CUST00226,PERSON,TXN0001861,VELOCITY_ALERT,0.525,MEDIUM,OPEN
RISK00002,CUST00151,PERSON,TXN0000354,VELOCITY_ALERT,0.777,HIGH,CLOSED
RISK00003,CUST00495,PERSON,TXN0001334,HIGH_VALUE_TRANSACTION,0.421,LOW,UNDER_REVIEW
RISK00004,CUST00296,PERSON,TXN0000906,SUSPICIOUS_MERCHANT,0.548,MEDIUM,UNDER_REVIEW
RISK00005,CUST00068,PERSON,TXN9999999,HIGH_VALUE_TRANSACTION,0.509,MEDIUM,CLOSED
RISK00006,CUST00103,PERSON,TXN0001274,VELOCITY_ALERT,0.945,CRITICAL,CLOSED
RISK00007,CUST00156,PERSON,TXN0000939,DEVICE_MISMATCH,0.519,MEDIUM,CLOSED
RISK00008,CUST00060,PERSON,TXN0001732,VELOCITY_ALERT,0.303,LOW,UNDER_REVIEW
RISK00009,CUST00366,PERSON,TXN0000066,HIGH_VALUE_TRANSACTION,0.215,LOW,CLOSED
RISK00010,CUST00311,PERSON,TXN0001324,DEVICE_MISMATCH,0.889,HIGH,UNDER_REVIEW
RISK00011,CUST00092,PERSON,TXN0000057,VELOCITY_ALERT,0.929,CRITICAL,CLOSED
RISK00012,CUST00319,PERSON,TXN0001293,SUSPICIOUS_MERCHANT,0.752,HIGH,OPEN
RISK00013,CUST00398,PERSON,TXN0001119,UNUSUAL_LOCATION,0.808,HIGH,OPEN
RISK00014,CUST00212,PERSON,TXN0000585,SUSPICIOUS_MERCHANT,0.514,MEDIUM,CLOSED
RISK00015,CUST00210,PERSON,TXN0000375,HIGH_VALUE_TRANSACTION,0.621,MEDIUM,OPEN
RISK00016,CUST00001,PERSON,TXN0000276,DEVICE_MISMATCH,0.357,LOW,OPEN
RISK00017,CUST00455,PERSON,TXN0000747,VELOCITY_ALERT,0.27,LOW,UNDER_REVIEW
RISK00018,CUST00471,PERSON,TXN0000129,VELOCITY_ALERT,0.483,LOW,OPEN
RISK00019,CUST00019,PERSON,TXN0001647,DEVICE_MISMATCH,0.472,LOW,OPEN
RISK00020,CUST00357,PERSON,TXN0001853,HIGH_VALUE_TRANSACTION,0.569,MEDIUM,UNDER_REVIEW
RISK00021,CUST00151,PERSON,TXN0000675,VELOCITY_ALERT,0.208,LOW,CLOSED
RISK00022,CUST00147,PERSON,TXN0001665,SUSPICIOUS_MERCHANT,0.28,LOW,OPEN
RISK00023,CUST00273,PERSON,TXN0001982,HIGH_VALUE_TRANSACTION,0.2,LOW,OPEN
RISK00024,CUST00055,PERSON,TXN0001084,VELOCITY_ALERT,0.793,HIGH,CLOSED
RISK00025,CUST00429,PERSON,TXN0001923,UNUSUAL_LOCATION,0.974,CRITICAL,OPEN
RISK00026,CUST00359,PERSON,TXN0000100,SUSPICIOUS_MERCHANT,0.57,MEDIUM,CLOSED
RISK00027,CUST00011,PERSON,TXN0001180,DEVICE_MISMATCH,0.971,CRITICAL,OPEN
RISK00028,CUST00296,PERSON,TXN0000965,DEVICE_MISMATCH,0.35,LOW,OPEN
RISK00029,CUST00385,PERSON,TXN0000793,SUSPICIOUS_MERCHANT,0.904,CRITICAL,UNDER_REVIEW
RISK00030,CUST00141,PERSON,TXN0000030,SUSPICIOUS_MERCHANT,0.443,LOW,OPEN
RISK00031,CUST00186,PERSON,TXN0000629,VELOCITY_ALERT,0.774,HIGH,CLOSED
RISK00032,CUST00358,PERSON,TXN0000945,VELOCITY_ALERT,0.455,LOW,UNDER_REVIEW
RISK00033,CUST00062,PERSON,TXN0000573,HIGH_VALUE_TRANSACTION,0.432,LOW,OPEN
RISK00034,CUST00277,PERSON,TXN0000908,UNUSUAL_LOCATION,0.541,MEDIUM,OPEN
RISK00035,CUST00222,PERSON,TXN0001081,VELOCITY_ALERT,0.387,LOW,CLOSED
RISK00036,CUST00116,PERSON,TXN0000451,HIGH_VALUE_TRANSACTION,0.398,LOW,UNDER_REVIEW
RISK00037,CUST00191,PERSON,TXN0001610,HIGH_VALUE_TRANSACTION,0.572,MEDIUM,OPEN
RISK00038,CUST00037,PERSON,TXN0001291,DEVICE_MISMATCH,0.915,CRITICAL,CLOSED
RISK00039,CUST00206,PERSON,TXN0001079,VELOCITY_ALERT,0.606,MEDIUM,OPEN
RISK00040,CUST00085,PERSON,TXN0000255,VELOCITY_ALERT,0.211,LOW,CLOSED
RISK00041,CUST00418,PERSON,TXN0000125,DEVICE_MISMATCH,0.273,LOW,CLOSED
RISK00042,CUST00119,PERSON,TXN0001928,VELOCITY_ALERT,0.624,MEDIUM,OPEN
RISK00043,CUST00162,PERSON,TXN0000252,UNUSUAL_LOCATION,0.696,MEDIUM,CLOSED
RISK00044,CUST00495,PERSON,TXN0000586,DEVICE_MISMATCH,0.935,CRITICAL,OPEN
RISK00045,CUST00434,PERSON,TXN0001569,UNUSUAL_LOCATION,0.652,MEDIUM,CLOSED
RISK00046,CUST00126,PERSON,TXN0000825,SUSPICIOUS_MERCHANT,0.856,HIGH,UNDER_REVIEW
RISK00047,CUST00094,PERSON,TXN0000508,DEVICE_MISMATCH,0.385,LOW,OPEN
RISK00048,CUST00318,PERSON,TXN0000890,SUSPICIOUS_MERCHANT,0.891,HIGH,OPEN
RISK00049,CUST00100,PERSON,TXN0000071,SUSPICIOUS_MERCHANT,0.893,HIGH,OPEN
RISK00050,CUST00469,PERSON,TXN0001609,UNUSUAL_LOCATION,0.629,MEDIUM,UNDER_REVIEW
RISK00051,CUST00100,PERSON,TXN0001533,VELOCITY_ALERT,0.223,LOW,CLOSED
RISK00052,CUST00149,PERSON,TXN0000248,HIGH_VALUE_TRANSACTION,0.793,HIGH,UNDER_REVIEW
RISK00053,CUST00295,PERSON,TXN0001451,SUSPICIOUS_MERCHANT,0.821,HIGH,CLOSED
RISK00054,CUST00145,PERSON,TXN0000213,DEVICE_MISMATCH,0.768,HIGH,UNDER_REVIEW
RISK00055,CUST00388,PERSON,TXN0000910,HIGH_VALUE_TRANSACTION,0.738,MEDIUM,UNDER_REVIEW
RISK00056,CUST00166,PERSON,TXN0001742,HIGH_VALUE_TRANSACTION,0.578,MEDIUM,UNDER_REVIEW
RISK00057,CUST00214,PERSON,TXN0001245,DEVICE_MISMATCH,0.88,HIGH,OPEN
RISK00058,CUST00339,PERSON,TXN0001697,SUSPICIOUS_MERCHANT,0.911,CRITICAL,OPEN
RISK00059,CUST00225,PERSON,TXN0001183,HIGH_VALUE_TRANSACTION,0.879,HIGH,UNDER_REVIEW
RISK00060,CUST00082,PERSON,TXN0000362,DEVICE_MISMATCH,0.804,HIGH,CLOSED
RISK00061,CUST00427,PERSON,TXN0001474,VELOCITY_ALERT,0.313,LOW,OPEN
RISK00062,CUST00288,PERSON,TXN0000679,UNUSUAL_LOCATION,0.377,LOW,UNDER_REVIEW
RISK00063,CUST00097,PERSON,TXN0001622,HIGH_VALUE_TRANSACTION,0.732,MEDIUM,UNDER_REVIEW
RISK00064,CUST00433,PERSON,TXN0001090,UNUSUAL_LOCATION,0.736,MEDIUM,OPEN
RISK00065,CUST00046,PERSON,TXN0001988,SUSPICIOUS_MERCHANT,0.814,HIGH,UNDER_REVIEW
RISK00066,CUST00488,PERSON,TXN0001848,UNUSUAL_LOCATION,0.94,CRITICAL,UNDER_REVIEW
RISK00067,CUST00421,PERSON,TXN0000988,HIGH_VALUE_TRANSACTION,0.65,MEDIUM,CLOSED
RISK00068,CUST00410,PERSON,TXN0001513,VELOCITY_ALERT,0.715,MEDIUM,OPEN
RISK00069,CUST00085,PERSON,TXN0000112,VELOCITY_ALERT,0.976,CRITICAL,UNDER_REVIEW
RISK00070,CUST00203,PERSON,TXN0001488,DEVICE_MISMATCH,0.649,MEDIUM,CLOSED
RISK00071,CUST00349,PERSON,TXN0001454,SUSPICIOUS_MERCHANT,0.954,CRITICAL,CLOSED
RISK00072,CUST00379,PERSON,TXN0000384,UNUSUAL_LOCATION,0.622,MEDIUM,OPEN
RISK00073,CUST00073,PERSON,TXN0001396,SUSPICIOUS_MERCHANT,0.54,MEDIUM,CLOSED
RISK00074,CUST00237,PERSON,TXN0001055,SUSPICIOUS_MERCHANT,0.428,LOW,OPEN
RISK00075,CUST00458,PERSON,TXN0000756,VELOCITY_ALERT,0.953,CRITICAL,OPEN
RISK00076,CUST00185,PERSON,TXN0000325,HIGH_VALUE_TRANSACTION,0.872,HIGH,CLOSED
RISK00077,CUST00326,PERSON,TXN0001624,VELOCITY_ALERT,0.747,MEDIUM,CLOSED
RISK00078,CUST00129,PERSON,TXN0000788,DEVICE_MISMATCH,0.865,HIGH,CLOSED
RISK00079,CUST00211,PERSON,TXN0000369,UNUSUAL_LOCATION,0.673,MEDIUM,CLOSED
RISK00080,CUST00428,PERSON,TXN0001820,VELOCITY_ALERT,0.966,CRITICAL,UNDER_REVIEW
RISK00081,CUST00090,PERSON,TXN0000070,UNUSUAL_LOCATION,0.897,HIGH,CLOSED
RISK00082,CUST00322,PERSON,TXN0000858,SUSPICIOUS_MERCHANT,0.682,MEDIUM,CLOSED
RISK00083,CUST00241,PERSON,TXN0001484,HIGH_VALUE_TRANSACTION,0.252,LOW,UNDER_REVIEW
RISK00084,CUST00357,PERSON,TXN0001556,SUSPICIOUS_MERCHANT,0.474,LOW,CLOSED
RISK00085,CUST00326,PERSON,TXN0001692,HIGH_VALUE_TRANSACTION,0.562,MEDIUM,CLOSED
RISK00086,CUST00116,PERSON,TXN0001475,HIGH_VALUE_TRANSACTION,0.717,MEDIUM,UNDER_REVIEW
RISK00087,CUST00463,PERSON,TXN0001799,VELOCITY_ALERT,0.93,CRITICAL,CLOSED
RISK00088,CUST00064,PERSON,TXN0000479,DEVICE_MISMATCH,0.517,MEDIUM,UNDER_REVIEW
RISK00089,CUST00200,PERSON,TXN0000282,VELOCITY_ALERT,0.355,LOW,OPEN
RISK00090,CUST00141,PERSON,TXN0001648,DEVICE_MISMATCH,0.938,CRITICAL,UNDER_REVIEW
RISK00091,CUST00488,PERSON,TXN0001557,HIGH_VALUE_TRANSACTION,0.501,MEDIUM,CLOSED
RISK00092,CUST00193,PERSON,TXN0001730,DEVICE_MISMATCH,0.25,LOW,UNDER_REVIEW
RISK00093,CUST00242,PERSON,TXN0000211,DEVICE_MISMATCH,0.682,MEDIUM,UNDER_REVIEW
RISK00094,CUST00183,PERSON,TXN0000298,SUSPICIOUS_MERCHANT,0.628,MEDIUM,CLOSED
RISK00095,CUST00185,PERSON,TXN0001885,SUSPICIOUS_MERCHANT,0.923,CRITICAL,UNDER_REVIEW
RISK00096,CUST00242,PERSON,TXN0001834,VELOCITY_ALERT,0.768,HIGH,OPEN
RISK00097,CUST00116,PERSON,TXN0000652,SUSPICIOUS_MERCHANT,0.453,LOW,OPEN
RISK00098,CUST00044,PERSON,TXN0001234,HIGH_VALUE_TRANSACTION,0.59,MEDIUM,CLOSED
RISK00099,CUST00459,PERSON,TXN0001503,SUSPICIOUS_MERCHANT,0.62,MEDIUM,OPEN
RISK00100,CUST00242,PERSON,TXN0001932,VELOCITY_ALERT,0.515,MEDIUM,CLOSED
RISK00101,CUST00367,PERSON,TXN0000917,VELOCITY_ALERT,0.694,MEDIUM,UNDER_REVIEW
RISK00102,CUST00407,PERSON,TXN0000994,UNUSUAL_LOCATION,0.241,LOW,OPEN
RISK00103,CUST00454,PERSON,TXN0000430,UNUSUAL_LOCATION,0.724,MEDIUM,UNDER_REVIEW
RISK00104,CUST00211,PERSON,TXN0001371,SUSPICIOUS_MERCHANT,0.501,MEDIUM,UNDER_REVIEW
RISK00105,CUST00195,PERSON,TXN0000240,SUSPICIOUS_MERCHANT,0.742,MEDIUM,OPEN
RISK00106,CUST00131,PERSON,TXN0000880,HIGH_VALUE_TRANSACTION,0.224,LOW,OPEN
RISK00107,CUST00195,PERSON,TXN0000621,SUSPICIOUS_MERCHANT,0.421,LOW,OPEN
RISK00108,CUST00463,PERSON,TXN0000257,UNUSUAL_LOCATION,0.815,HIGH,UNDER_REVIEW
RISK00109,CUST00176,PERSON,TXN0000612,VELOCITY_ALERT,0.412,LOW,CLOSED
RISK00110,CUST00229,PERSON,TXN0000545,SUSPICIOUS_MERCHANT,0.511,MEDIUM,UNDER_REVIEW
RISK00111,CUST00433,PERSON,TXN0000772,UNUSUAL_LOCATION,0.355,LOW,CLOSED
RISK00112,CUST00381,PERSON,TXN0001420,VELOCITY_ALERT,0.432,LOW,CLOSED
RISK00113,CUST00113,PERSON,TXN0001042,SUSPICIOUS_MERCHANT,0.952,CRITICAL,CLOSED
RISK00114,CUST00046,PERSON,TXN0001790,UNUSUAL_LOCATION,0.655,MEDIUM,UNDER_REVIEW
RISK00115,CUST00302,PERSON,TXN0000760,VELOCITY_ALERT,0.856,HIGH,OPEN
RISK00116,CUST00477,PERSON,TXN0000383,SUSPICIOUS_MERCHANT,0.631,MEDIUM,OPEN
RISK00117,CUST00176,PERSON,TXN0001104,VELOCITY_ALERT,0.469,LOW,UNDER_REVIEW
RISK00118,CUST00055,PERSON,TXN0000974,UNUSUAL_LOCATION,0.263,LOW,OPEN
RISK00119,CUST00337,PERSON,TXN0000353,UNUSUAL_LOCATION,0.621,MEDIUM,CLOSED
RISK00120,CUST00200,PERSON,TXN0001606,DEVICE_MISMATCH,0.982,CRITICAL,OPEN
RISK00121,CUST00448,PERSON,TXN0001826,UNUSUAL_LOCATION,0.922,CRITICAL,UNDER_REVIEW
RISK00122,CUST00124,PERSON,TXN0001037,SUSPICIOUS_MERCHANT,0.332,LOW,OPEN
RISK00123,CUST00493,PERSON,TXN0001108,SUSPICIOUS_MERCHANT,0.519,MEDIUM,OPEN
RISK00124,CUST00141,PERSON,TXN0000495,VELOCITY_ALERT,0.886,HIGH,UNDER_REVIEW
RISK00125,CUST00100,PERSON,TXN0000394,UNUSUAL_LOCATION,0.618,MEDIUM,OPEN
RISK00126,CUST00060,PERSON,TXN0001547,SUSPICIOUS_MERCHANT,0.377,LOW,OPEN
RISK00127,CUST00245,PERSON,TXN0000465,DEVICE_MISMATCH,0.642,MEDIUM,UNDER_REVIEW
RISK00128,CUST00102,PERSON,TXN0000887,DEVICE_MISMATCH,0.489,LOW,CLOSED
RISK00129,CUST00268,PERSON,TXN0001194,DEVICE_MISMATCH,0.408,LOW,CLOSED
RISK00130,CUST00062,PERSON,TXN0000367,SUSPICIOUS_MERCHANT,0.456,LOW,UNDER_REVIEW
RISK00131,CUST00032,PERSON,TXN0001894,UNUSUAL_LOCATION,0.797,HIGH,UNDER_REVIEW
RISK00132,CUST00242,PERSON,TXN0001874,VELOCITY_ALERT,0.377,LOW,UNDER_REVIEW
RISK00133,CUST00403,PERSON,TXN0000745,HIGH_VALUE_TRANSACTION,0.696,MEDIUM,CLOSED
RISK00134,CUST00222,PERSON,TXN0000530,SUSPICIOUS_MERCHANT,0.906,CRITICAL,OPEN
RISK00135,CUST00454,PERSON,TXN0000803,HIGH_VALUE_TRANSACTION,0.932,CRITICAL,UNDER_REVIEW
RISK00136,CUST00195,PERSON,TXN0001224,VELOCITY_ALERT,0.673,MEDIUM,OPEN
RISK00137,CUST00350,PERSON,TXN0001979,UNUSUAL_LOCATION,0.357,LOW,CLOSED
RISK00138,CUST00276,PERSON,TXN0001906,HIGH_VALUE_TRANSACTION,0.386,LOW,OPEN
RISK00139,CUST00281,PERSON,TXN0001700,VELOCITY_ALERT,0.862,HIGH,UNDER_REVIEW
RISK00140,CUST00035,PERSON,TXN0001545,UNUSUAL_LOCATION,0.443,LOW,UNDER_REVIEW
RISK00141,CUST00377,PERSON,TXN0001314,UNUSUAL_LOCATION,0.558,MEDIUM,UNDER_REVIEW
RISK00142,CUST00069,PERSON,TXN0000307,VELOCITY_ALERT,0.36,LOW,CLOSED
RISK00143,CUST00089,PERSON,TXN0001667,SUSPICIOUS_MERCHANT,0.337,LOW,OPEN
RISK00144,CUST00113,PERSON,TXN0000863,DEVICE_MISMATCH,0.846,HIGH,CLOSED
RISK00145,CUST00231,PERSON,TXN0001567,SUSPICIOUS_MERCHANT,0.868,HIGH,OPEN
RISK00146,CUST00357,PERSON,TXN0000531,DEVICE_MISMATCH,0.388,LOW,UNDER_REVIEW
RISK00147,CUST00451,PERSON,TXN0000655,HIGH_VALUE_TRANSACTION,0.873,HIGH,OPEN
RISK00148,CUST00102,PERSON,TXN0001260,UNUSUAL_LOCATION,0.958,CRITICAL,OPEN
RISK00149,CUST00003,PERSON,TXN0000234,HIGH_VALUE_TRANSACTION,0.751,HIGH,UNDER_REVIEW
RISK00150,CUST00094,PERSON,TXN0000121,HIGH_VALUE_TRANSACTION,0.951,CRITICAL,OPEN
RISK00151,CUST00209,PERSON,TXN0001698,VELOCITY_ALERT,0.813,HIGH,UNDER_REVIEW
RISK00152,CUST00176,PERSON,TXN0000950,SUSPICIOUS_MERCHANT,0.503,MEDIUM,OPEN
RISK00153,CUST00424,PERSON,TXN0000618,SUSPICIOUS_MERCHANT,0.75,HIGH,UNDER_REVIEW
RISK00154,CUST00076,PERSON,TXN0001179,SUSPICIOUS_MERCHANT,0.644,MEDIUM,CLOSED
RISK00155,CUST00389,PERSON,TXN0000308,DEVICE_MISMATCH,0.86,HIGH,OPEN
RISK00156,CUST00456,PERSON,TXN0000136,VELOCITY_ALERT,0.415,LOW,OPEN
RISK00157,CUST00273,PERSON,TXN0000555,SUSPICIOUS_MERCHANT,0.867,HIGH,CLOSED
RISK00158,CUST00019,PERSON,TXN0001674,UNUSUAL_LOCATION,0.877,HIGH,UNDER_REVIEW
RISK00159,CUST00443,PERSON,TXN0000584,VELOCITY_ALERT,0.329,LOW,UNDER_REVIEW
RISK00160,CUST00297,PERSON,TXN0001641,DEVICE_MISMATCH,0.64,MEDIUM,UNDER_REVIEW
RISK00161,CUST00478,PERSON,TXN0000671,UNUSUAL_LOCATION,0.246,LOW,CLOSED
RISK00162,CUST00298,PERSON,TXN0000835,DEVICE_MISMATCH,0.6,MEDIUM,CLOSED
RISK00163,CUST00055,PERSON,TXN0000110,UNUSUAL_LOCATION,0.549,MEDIUM,OPEN
RISK00164,CUST00296,PERSON,TXN0001165,UNUSUAL_LOCATION,0.309,LOW,CLOSED
RISK00165,CUST00044,PERSON,TXN0001960,UNUSUAL_LOCATION,0.466,LOW,CLOSED
RISK00166,CUST00199,PERSON,TXN0001465,SUSPICIOUS_MERCHANT,0.699,MEDIUM,UNDER_REVIEW
RISK00167,CUST00119,PERSON,TXN0001729,UNUSUAL_LOCATION,0.962,CRITICAL,CLOSED
RISK00168,CUST00330,PERSON,TXN0001243,UNUSUAL_LOCATION,0.865,HIGH,OPEN
RISK00169,CUST00177,PERSON,TXN0000212,UNUSUAL_LOCATION,0.597,MEDIUM,CLOSED
RISK00170,CUST00084,PERSON,TXN0001768,HIGH_VALUE_TRANSACTION,0.919,CRITICAL,CLOSED
RISK00171,CUST00120,PERSON,TXN0001121,UNUSUAL_LOCATION,0.538,MEDIUM,OPEN
RISK00172,CUST00011,PERSON,TXN0000680,HIGH_VALUE_TRANSACTION,0.308,LOW,OPEN
RISK00173,CUST00176,PERSON,TXN0001951,UNUSUAL_LOCATION,0.234,LOW,UNDER_REVIEW
RISK00174,CUST00162,PERSON,TXN0001839,SUSPICIOUS_MERCHANT,0.705,MEDIUM,CLOSED
RISK00175,CUST00398,PERSON,TXN0000412,HIGH_VALUE_TRANSACTION,0.894,HIGH,OPEN
RISK00176,CUST00310,PERSON,TXN0001325,HIGH_VALUE_TRANSACTION,0.304,LOW,UNDER_REVIEW
RISK00177,CUST00177,PERSON,TXN0000783,HIGH_VALUE_TRANSACTION,0.886,HIGH,OPEN
RISK00178,CUST00374,PERSON,TXN0001346,UNUSUAL_LOCATION,0.204,LOW,UNDER_REVIEW
RISK00179,CUST00162,PERSON,TXN0000875,VELOCITY_ALERT,0.227,LOW,CLOSED
RISK00180,CUST00060,PERSON,TXN0001653,SUSPICIOUS_MERCHANT,0.7,MEDIUM,CLOSED
RISK00181,CUST00432,PERSON,TXN0001279,HIGH_VALUE_TRANSACTION,0.344,LOW,UNDER_REVIEW
RISK00182,CUST00428,PERSON,TXN0000786,SUSPICIOUS_MERCHANT,0.44,LOW,CLOSED
RISK00183,CUST00293,PERSON,TXN0001819,DEVICE_MISMATCH,0.687,MEDIUM,CLOSED
RISK00184,CUST00140,PERSON,TXN0001199,DEVICE_MISMATCH,0.69,MEDIUM,OPEN
RISK00185,CUST00456,PERSON,TXN0000808,VELOCITY_ALERT,0.595,MEDIUM,UNDER_REVIEW
RISK00186,CUST00355,PERSON,TXN0000713,DEVICE_MISMATCH,0.555,MEDIUM,CLOSED
RISK00187,CUST00027,PERSON,TXN0001991,DEVICE_MISMATCH,0.95,CRITICAL,OPEN
RISK00188,CUST00457,PERSON,TXN0001660,VELOCITY_ALERT,0.79,HIGH,UNDER_REVIEW
RISK00189,CUST00119,PERSON,TXN0001191,VELOCITY_ALERT,0.868,HIGH,UNDER_REVIEW
RISK00190,CUST00493,PERSON,TXN0001226,HIGH_VALUE_TRANSACTION,0.427,LOW,CLOSED
RISK00191,CUST00101,PERSON,TXN0000603,VELOCITY_ALERT,0.373,LOW,CLOSED
RISK00192,CUST00010,PERSON,TXN0000271,HIGH_VALUE_TRANSACTION,0.629,MEDIUM,CLOSED
RISK00193,CUST00260,PERSON,TXN0001385,HIGH_VALUE_TRANSACTION,0.306,LOW,OPEN
RISK00194,CUST00296,PERSON,TXN0000232,VELOCITY_ALERT,0.358,LOW,CLOSED
RISK00195,CUST00067,PERSON,TXN0000050,UNUSUAL_LOCATION,0.206,LOW,CLOSED
RISK00196,CUST00154,PERSON,TXN0000463,DEVICE_MISMATCH,0.273,LOW,CLOSED
RISK00197,CUST00156,PERSON,TXN0001106,HIGH_VALUE_TRANSACTION,0.206,LOW,CLOSED
RISK00198,CUST00483,PERSON,TXN0000856,UNUSUAL_LOCATION,0.393,LOW,UNDER_REVIEW
RISK00199,CUST00162,PERSON,TXN0000694,SUSPICIOUS_MERCHANT,0.327,LOW,UNDER_REVIEW
RISK00200,CUST00483,PERSON,TXN0001552,SUSPICIOUS_MERCHANT,0.473,LOW,OPEN
RISK00201,CUST00242,PERSON,TXN0001873,DEVICE_MISMATCH,0.806,HIGH,CLOSED
RISK00202,CUST00113,PERSON,TXN0000527,DEVICE_MISMATCH,0.758,HIGH,OPEN
RISK00203,CUST00421,PERSON,TXN0000174,UNUSUAL_LOCATION,0.822,HIGH,UNDER_REVIEW
RISK00204,CUST00299,PERSON,TXN0000721,UNUSUAL_LOCATION,0.567,MEDIUM,CLOSED
RISK00205,CUST00141,PERSON,TXN0000415,SUSPICIOUS_MERCHANT,0.969,CRITICAL,CLOSED
RISK00206,CUST00062,PERSON,TXN0000238,VELOCITY_ALERT,0.41,LOW,UNDER_REVIEW
RISK00207,CUST00464,PERSON,TXN0001473,SUSPICIOUS_MERCHANT,0.322,LOW,OPEN
RISK00208,CUST00455,PERSON,TXN0001336,SUSPICIOUS_MERCHANT,0.457,LOW,OPEN
RISK00209,CUST00401,PERSON,TXN0001064,DEVICE_MISMATCH,0.604,MEDIUM,UNDER_REVIEW
RISK00210,CUST00126,PERSON,TXN0000024,SUSPICIOUS_MERCHANT,0.911,CRITICAL,OPEN
RISK00211,CUST00456,PERSON,TXN0001767,DEVICE_MISMATCH,0.776,HIGH,OPEN
RISK00212,CUST00113,PERSON,TXN0000064,VELOCITY_ALERT,0.634,MEDIUM,CLOSED
RISK00213,CUST00319,PERSON,TXN0000290,HIGH_VALUE_TRANSACTION,0.547,MEDIUM,CLOSED
RISK00214,CUST00397,PERSON,TXN0000189,HIGH_VALUE_TRANSACTION,0.57,MEDIUM,UNDER_REVIEW
RISK00215,CUST00405,PERSON,TXN0000702,VELOCITY_ALERT,0.743,MEDIUM,UNDER_REVIEW
RISK00216,CUST00049,PERSON,TXN0001815,VELOCITY_ALERT,0.822,HIGH,CLOSED
RISK00217,CUST00049,PERSON,TXN0001138,VELOCITY_ALERT,0.718,MEDIUM,OPEN
RISK00218,CUST00191,PERSON,TXN0000355,VELOCITY_ALERT,0.457,LOW,OPEN
RISK00219,CUST00124,PERSON,TXN0000417,SUSPICIOUS_MERCHANT,0.656,MEDIUM,CLOSED
RISK00220,CUST00413,PERSON,TXN0001246,DEVICE_MISMATCH,0.369,LOW,OPEN
RISK00221,CUST00483,PERSON,TXN0000931,DEVICE_MISMATCH,0.955,CRITICAL,UNDER_REVIEW
RISK00222,CUST00200,PERSON,TXN0000197,SUSPICIOUS_MERCHANT,0.719,MEDIUM,OPEN
RISK00223,CUST00012,PERSON,TXN0000580,VELOCITY_ALERT,0.706,MEDIUM,CLOSED
RISK00224,CUST00197,PERSON,TXN0001135,VELOCITY_ALERT,0.635,MEDIUM,OPEN
RISK00225,CUST00274,PERSON,TXN0001814,UNUSUAL_LOCATION,0.457,LOW,CLOSED
RISK00226,CUST00049,PERSON,TXN0001935,SUSPICIOUS_MERCHANT,0.962,CRITICAL,CLOSED
RISK00227,CUST00346,PERSON,TXN0000434,SUSPICIOUS_MERCHANT,0.361,LOW,UNDER_REVIEW
RISK00228,CUST00312,PERSON,TXN0000101,HIGH_VALUE_TRANSACTION,0.411,LOW,UNDER_REVIEW
RISK00229,CUST00162,PERSON,TXN0001655,DEVICE_MISMATCH,0.773,HIGH,CLOSED
RISK00230,CUST00293,PERSON,TXN0000395,DEVICE_MISMATCH,0.787,HIGH,OPEN
RISK00231,CUST00030,PERSON,TXN0001939,DEVICE_MISMATCH,0.328,LOW,UNDER_REVIEW
RISK00232,CUST00318,PERSON,TXN0000221,HIGH_VALUE_TRANSACTION,0.395,LOW,CLOSED
RISK00233,CUST00043,PERSON,TXN0001676,UNUSUAL_LOCATION,0.463,LOW,CLOSED
RISK00234,CUST00323,PERSON,TXN0001498,DEVICE_MISMATCH,0.841,HIGH,CLOSED
RISK00235,CUST00038,PERSON,TXN0001785,HIGH_VALUE_TRANSACTION,0.765,HIGH,OPEN
RISK00236,CUST00066,PERSON,TXN0000345,SUSPICIOUS_MERCHANT,0.906,CRITICAL,CLOSED
RISK00237,CUST00381,PERSON,TXN0001028,VELOCITY_ALERT,0.547,MEDIUM,CLOSED
RISK00238,CUST00099,PERSON,TXN0000889,HIGH_VALUE_TRANSACTION,0.338,LOW,OPEN
RISK00239,CUST00293,PERSON,TXN0001351,VELOCITY_ALERT,0.244,LOW,CLOSED
RISK00240,CUST00374,PERSON,TXN0000553,DEVICE_MISMATCH,0.912,CRITICAL,CLOSED
RISK00241,CUST00222,PERSON,TXN0000744,HIGH_VALUE_TRANSACTION,0.919,CRITICAL,OPEN
RISK00242,CUST00221,PERSON,TXN0001542,UNUSUAL_LOCATION,0.587,MEDIUM,OPEN
RISK00243,CUST00101,PERSON,TXN0000539,SUSPICIOUS_MERCHANT,0.658,MEDIUM,CLOSED
RISK00244,CUST00122,PERSON,TXN0000907,VELOCITY_ALERT,0.392,LOW,OPEN
RISK00245,CUST00289,PERSON,TXN0001395,HIGH_VALUE_TRANSACTION,0.842,HIGH,OPEN
RISK00246,CUST00318,PERSON,TXN0000116,DEVICE_MISMATCH,0.827,HIGH,CLOSED
RISK00247,CUST00470,PERSON,TXN0000830,HIGH_VALUE_TRANSACTION,0.825,HIGH,CLOSED
RISK00248,CUST00251,PERSON,TXN0001938,HIGH_VALUE_TRANSACTION,0.349,LOW,OPEN
RISK00249,CUST00433,PERSON,TXN0000809,SUSPICIOUS_MERCHANT,0.41,LOW,UNDER_REVIEW
RISK00250,CUST00389,PERSON,TXN0001311,DEVICE_MISMATCH,0.679,MEDIUM,CLOSED
