incoming_term,final_concept,review_decision,reviewer_reason
client,Customer,APPROVE,Client represents a customer maintaining a banking relationship.
client_id,Customer,APPROVE,Identifier refers to an existing banking customer.
card_holder,Customer,APPROVE,Card holder represents the customer to whom the card was issued.
card_holder_id,Customer,APPROVE,Identifier refers to the customer holding the payment card.
account_ref,Account,APPROVE,Field references the financial account used for the transaction.
merchant_ref,Merchant,REMAP,Field references the merchant receiving the payment and should reuse Merchant.
payment_event,Transaction,APPROVE,Payment event represents a financial transaction.
subject,Customer,REMAP,Fraud-system subject represents the banking customer under evaluation.
fraud_case,RiskEvent,APPROVE,Fraud case represents a risk event generated by suspicious activity.
mobile_wallet,DigitalWallet,CREATE_NEW_APPROVED,Existing ontology has no equivalent digital-wallet concept.
borrower,Customer,APPROVE,Borrower represents a customer who obtained a loan.
terminal,PaymentChannel,APPROVE,Terminal represents a channel through which banking transactions are performed.
