incoming_term,recommended_concept,action,semantic_score,top_vector_score,collision,collision_type,collision_reason,parent_classes,final_confidence,routing_decision,review_decision,reviewed_concept,reviewer_reason,review_status
client,Customer,REUSE,0.7629,0.7629,False,,Mapping is compatible with the ontology and expected concept.,Party,0.7629,SOFT_REVIEW,APPROVE,Customer,Client represents a customer maintaining a banking relationship.,COMPLETED
client_id,Customer,REUSE,0.7027,0.7027,False,,Mapping is compatible with the ontology and expected concept.,Party,0.7027,SOFT_REVIEW,APPROVE,Customer,Identifier refers to an existing banking customer.,COMPLETED
card_holder,Customer,REUSE,0.6749,0.7321,False,,Mapping is compatible with the ontology and expected concept.,Party,0.6978,HUMAN_ESCALATION,APPROVE,Customer,Card holder represents the customer to whom the card was issued.,COMPLETED
card_holder_id,Customer,REUSE,0.662,0.7052,False,,Mapping is compatible with the ontology and expected concept.,Party,0.6793,HUMAN_ESCALATION,APPROVE,Customer,Identifier refers to the customer holding the payment card.,COMPLETED
account_ref,Account,REUSE,0.6951,0.6969,False,,Mapping is compatible with the ontology and expected concept.,FinancialProduct,0.6958,HUMAN_ESCALATION,APPROVE,Account,Field references the financial account used for the transaction.,COMPLETED
merchant_ref,MerchantIdentifier,CREATE_NEW,0.7491,0.7491,False,,No existing ontology mapping selected. Candidate should follow ontology review.,,0.7491,HUMAN_ESCALATION,REMAP,Merchant,Field references the merchant receiving the payment and should reuse Merchant.,COMPLETED
payment_event,Transaction,REUSE,0.6993,0.6993,False,,Mapping is compatible with the ontology and expected concept.,,0.6993,HUMAN_ESCALATION,APPROVE,Transaction,Payment event represents a financial transaction.,COMPLETED
subject,Party,REUSE,0.657,0.6858,True,SEMANTIC_MAPPING_MISMATCH,Recommended concept Party differs from expected semantic concept Customer.,,0.49,HUMAN_ESCALATION,REMAP,Customer,Fraud-system subject represents the banking customer under evaluation.,COMPLETED
fraud_case,RiskEvent,REUSE,0.7307,0.7307,False,,Mapping is compatible with the ontology and expected concept.,,0.7307,SOFT_REVIEW,APPROVE,RiskEvent,Fraud case represents a risk event generated by suspicious activity.,COMPLETED
mobile_wallet,MobileWallet,CREATE_NEW,0.0,0.6624,False,,No existing ontology mapping selected. Candidate should follow ontology review.,,0.265,HUMAN_ESCALATION,CREATE_NEW_APPROVED,DigitalWallet,Existing ontology has no equivalent digital-wallet concept.,COMPLETED
borrower,Customer,REUSE,0.7183,0.7183,False,,Mapping is compatible with the ontology and expected concept.,Party,0.7183,SOFT_REVIEW,APPROVE,Customer,Borrower represents a customer who obtained a loan.,COMPLETED
terminal,PaymentChannel,REUSE,0.6634,0.702,False,,Mapping is compatible with the ontology and expected concept.,,0.6788,HUMAN_ESCALATION,APPROVE,PaymentChannel,Terminal represents a channel through which banking transactions are performed.,COMPLETED